Date,AccountValue
2007-10-18,100000.0
2007-10-19,99617.0
2007-10-22,99685.0
2007-10-23,99789.0
2007-10-24,99696.0
2007-10-25,99734.0
2007-10-26,99881.0
2007-10-29,99963.0
2007-10-30,99902.0
2007-10-31,100011.0
2007-11-01,99720.0
2007-11-02,99751.0
2007-11-05,99675.0
2007-11-06,99791.0
2007-11-07,99471.0
2007-11-08,99407.0
2007-11-09,99272.0
2007-11-12,99163.0
2007-11-13,99508.0
2007-11-14,99443.0
2007-11-15,99298.0
2007-11-16,99395.0
2007-11-19,99162.0
2007-11-20,99180.0
2007-11-21,98973.0
2007-11-23,99153.0
2007-11-26,98887.0
2007-11-27,99041.0
2007-11-28,99339.0
2007-11-29,99353.0
2007-11-30,99428.0
2007-12-03,99385.0
2007-12-04,99312.0
2007-12-05,99470.0
2007-12-06,99623.0
2007-12-07,99636.0
2007-12-10,99718.0
2007-12-11,99423.0
2007-12-12,99512.0
2007-12-13,99556.0
2007-12-14,99401.0
2007-12-17,99208.0
2007-12-18,99259.0
2007-12-19,99218.0
2007-12-20,99279.0
2007-12-21,99515.0
2007-12-24,99588.0
2007-12-26,99597.0
2007-12-27,99459.0
2007-12-28,99434.0
2007-12-31,100660.0
2008-01-02,100526.0
2008-01-03,100433.0
2008-01-04,100125.0
2008-01-07,100077.0
2008-01-08,99864.0
2008-01-09,100092.0
2008-01-10,100182.0
2008-01-11,100027.0
2008-01-14,100139.0
2008-01-15,99824.0
2008-01-16,99744.0
2008-01-17,99424.0
2008-01-18,99371.0
2008-01-22,99162.0
2008-01-23,99356.0
2008-01-24,99468.0
2008-01-25,99339.0
2008-01-28,99503.0
2008-01-29,99559.0
2008-01-30,99477.0
2008-01-31,99468.0
2008-02-01,99754.0
2008-02-04,99691.0
2008-02-05,99449.0
2008-02-06,99380.0
2008-02-07,99487.0
2008-02-08,99397.0
2008-02-11,99470.0
2008-02-12,99559.0
2008-02-13,99689.0
2008-02-14,99588.0
2008-02-15,99648.0
2008-02-19,99670.0
2008-02-20,99676.0
2008-02-21,99544.0
2008-02-22,99615.0
2008-02-25,99763.0
2008-02-26,99813.0
2008-02-27,99794.0
2008-02-28,99683.0
2008-02-29,99421.0
2008-03-03,99411.0
2008-03-04,99363.0
2008-03-05,99449.0
2008-03-06,99218.0
2008-03-07,99081.0
2008-03-10,98941.0
2008-03-11,99361.0
2008-03-12,99236.0
2008-03-13,99296.0
2008-03-14,99067.0
2008-03-17,98937.0
2008-03-18,99371.0
2008-03-19,99111.0
2008-03-20,99327.0
2008-03-24,99327.0
2008-03-25,99532.0
2008-03-26,99412.0
2008-03-27,99369.0
2008-03-28,99276.0
2008-03-31,99269.0
2008-04-01,99653.0
2008-04-02,99682.0
2008-04-03,99707.0
2008-04-04,99679.0
2008-04-07,99691.0
2008-04-08,99681.0
2008-04-09,99564.0
2008-04-10,99599.0
2008-04-11,99387.0
2008-04-14,99353.0
2008-04-15,99414.0
2008-04-16,99707.0
2008-04-17,99754.0
2008-04-18,99932.0
2008-04-21,99892.0
2008-04-22,99835.0
2008-04-23,99824.0
2008-04-24,99910.0
2008-04-25,99979.0
2008-04-28,99954.0
2008-04-29,99912.0
2008-04-30,99847.0
2008-05-01,100039.0
2008-05-02,100092.0
2008-05-05,100051.0
2008-05-06,100150.0
2008-05-07,99946.0
2008-05-08,99949.0
2008-05-09,99883.0
2008-05-12,100033.0
2008-05-13,100069.0
2008-05-14,100119.0
2008-05-15,100214.0
2008-05-16,100294.0
2008-05-19,100269.0
2008-05-20,100171.0
2008-05-21,100001.0
2008-05-22,100050.0
2008-05-23,99872.0
2008-05-27,99988.0
2008-05-28,100067.0
2008-05-29,100138.0
2008-05-30,100124.0
2008-06-02,99990.0
2008-06-03,99921.0
2008-06-04,99931.0
2008-06-05,100155.0
2008-06-06,99766.0
2008-06-09,99882.0
2008-06-10,99847.0
2008-06-11,99652.0
2008-06-12,99717.0
2008-06-13,99883.0
2008-06-16,99873.0
2008-06-17,99773.0
2008-06-18,99643.0
2008-06-19,99678.0
2008-06-20,99520.0
2008-06-23,99486.0
2008-06-24,99439.0
2008-06-25,99473.0
2008-06-26,99164.0
2008-06-27,99117.0
2008-06-30,99113.0
2008-07-01,99153.0
2008-07-02,98965.0
2008-07-03,98967.0
2008-07-07,98863.0
2008-07-08,99013.0
2008-07-09,98788.0
2008-07-10,98848.0
2008-07-11,98773.0
2008-07-14,98659.0
2008-07-15,98529.0
2008-07-16,98749.0
2008-07-17,98884.0
2008-07-18,98998.0
2008-07-21,98951.0
2008-07-22,99068.0
2008-07-23,99112.0
2008-07-24,98875.0
2008-07-25,98928.0
2008-07-28,98756.0
2008-07-29,98961.0
2008-07-30,99091.0
2008-07-31,98979.0
2008-08-01,98934.0
2008-08-04,98865.0
2008-08-05,99098.0
2008-08-06,99167.0
2008-08-07,98977.0
2008-08-08,99208.0
2008-08-11,99290.0
2008-08-12,99194.0
2008-08-13,99164.0
2008-08-14,99216.0
2008-08-15,99304.0
2008-08-18,99136.0
2008-08-19,99035.0
2008-08-20,99071.0
2008-08-21,99109.0
2008-08-22,99231.0
2008-08-25,99045.0
2008-08-26,99071.0
2008-08-27,99125.0
2008-08-28,99279.0
2008-08-29,99162.0
2008-09-02,99090.0
2008-09-03,99082.0
2008-09-04,98766.0
2008-09-05,98812.0
2008-09-08,98996.0
2008-09-09,98677.0
2008-09-10,98712.0
2008-09-11,98832.0
2008-09-12,98922.0
2008-09-15,98397.0
2008-09-16,98537.0
2008-09-17,98157.0
2008-09-18,98292.0
2008-09-19,98804.0
2008-09-22,98651.0
2008-09-23,98509.0
2008-09-24,98523.0
2008-09-25,98663.0
2008-09-26,98650.0
2008-09-29,97923.0
2008-09-30,98285.0
2008-10-01,98290.0
2008-10-02,97981.0
2008-10-03,97841.0
2008-10-06,97465.0
2008-10-07,97106.0
2008-10-08,97026.0
2008-10-09,96587.0
2008-10-10,96550.0
2008-10-13,97112.0
2008-10-14,97152.0
2008-10-15,96588.0
2008-10-16,96823.0
2008-10-17,96969.0
2008-10-20,97140.0
2008-10-21,96996.0
2008-10-22,96739.0
2008-10-23,96779.0
2008-10-24,96669.0
2008-10-27,96586.0
2008-10-28,97036.0
2008-10-29,97010.0
2008-10-30,97210.0
2008-10-31,97316.0
2008-11-03,97323.0
2008-11-04,97459.0
2008-11-05,97186.0
2008-11-06,96950.0
2008-11-07,97088.0
2008-11-10,97000.0
2008-11-11,96860.0
2008-11-12,96640.0
2008-11-13,96948.0
2008-11-14,96761.0
2008-11-17,96711.0
2008-11-18,96794.0
2008-11-19,96548.0
2008-11-20,96263.0
2008-11-21,96459.0
2008-11-24,96695.0
2008-11-25,96684.0
2008-11-26,96849.0
2008-11-28,96914.0
2008-12-01,96527.0
2008-12-02,96689.0
2008-12-03,96792.0
2008-12-04,96724.0
2008-12-05,96894.0
2008-12-08,97084.0
2008-12-09,96974.0
2008-12-10,97002.0
2008-12-11,96817.0
2008-12-12,96859.0
2008-12-15,96785.0
2008-12-16,96927.0
2008-12-17,96911.0
2008-12-18,96786.0
2008-12-19,96775.0
2008-12-22,96664.0
2008-12-23,96620.0
2008-12-24,96640.0
2008-12-26,99338.0
2008-12-29,99344.0
2008-12-30,99492.0
2008-12-31,99414.0
2009-01-29,99414.0
2009-01-02,99164.0
2009-01-05,99159.0
2009-01-06,99199.0
2009-01-07,99069.0
2009-01-08,99049.0
2009-01-09,99044.0
2009-01-12,98965.0
2009-01-13,98898.0
2009-01-14,98746.0
2009-01-15,98813.0
2009-01-16,98836.0
2009-01-20,98608.0
2009-01-21,98828.0
2009-01-22,98807.0
2009-01-23,98731.0
2009-01-26,98864.0
2009-01-27,98942.0
2009-01-28,99127.0
2009-01-30,98765.0
2009-02-02,98814.0
2009-02-03,98910.0
2009-02-04,98846.0
2009-02-05,98929.0
2009-02-06,99031.0
2009-02-09,99138.0
2009-02-10,98834.0
2009-02-11,98874.0
2009-02-12,98903.0
2009-02-13,98794.0
2009-02-17,98477.0
2009-02-18,98482.0
2009-02-19,98443.0
2009-02-20,98360.0
2009-02-23,98188.0
2009-02-24,98351.0
2009-02-25,98341.0
2009-02-26,98227.0
2009-02-27,98110.0
2009-03-02,97826.0
2009-03-03,97757.0
2009-03-04,97842.0
2009-03-05,97592.0
2009-03-06,97637.0
2009-03-09,97588.0
2009-03-10,97883.0
2009-03-11,97863.0
2009-03-12,98088.0
2009-03-13,98144.0
2009-03-16,98184.0
2009-03-17,98344.0
2009-03-18,98514.0
2009-03-19,98469.0
2009-03-20,98289.0
2009-03-23,98501.0
2009-03-24,98470.0
2009-03-25,98603.0
2009-03-26,98686.0
2009-03-27,98604.0
2009-03-30,98482.0
2009-03-31,98532.0
2009-04-01,98645.0
2009-04-02,98721.0
2009-04-03,98816.0
2009-04-06,98777.0
2009-04-07,98716.0
2009-04-08,98775.0
2009-04-09,98870.0
2009-04-13,98879.0
2009-04-14,98870.0
2009-04-15,98947.0
2009-04-16,98990.0
2009-04-17,98792.0
2009-04-20,98261.0
2009-04-21,98377.0
2009-04-22,98298.0
2009-04-23,98386.0
2009-04-24,98517.0
2009-04-27,98437.0
2009-04-28,98411.0
2009-04-29,98524.0
2009-04-30,98498.0
2009-05-01,98550.0
2009-05-04,98704.0
2009-05-05,98750.0
2009-05-06,98819.0
2009-05-07,98735.0
2009-05-08,98840.0
2009-05-11,98745.0
2009-05-12,98739.0
2009-05-13,98565.0
2009-05-14,98597.0
2009-05-15,98595.0
2009-05-18,98701.0
2009-05-19,98677.0
2009-05-20,98642.0
2009-05-21,98569.0
2009-05-22,98550.0
2009-05-26,98729.0
2009-05-27,98620.0
2009-05-28,98714.0
2009-05-29,98785.0
2009-06-01,98926.0
2009-06-02,98954.0
2009-06-03,98887.0
2009-06-04,98939.0
2009-06-05,98981.0
2009-06-08,99016.0
2009-06-09,99023.0
2009-06-10,99020.0
2009-06-11,99022.0
2009-06-12,99015.0
2009-06-15,98898.0
2009-06-16,98818.0
2009-06-17,98666.0
2009-06-18,98864.0
2009-06-19,98908.0
2009-06-22,98654.0
2009-06-23,98682.0
2009-06-24,98741.0
2009-06-25,98897.0
2009-06-26,98890.0
2009-06-29,98944.0
2009-06-30,98903.0
2009-07-01,98862.0
2009-07-02,98692.0
2009-07-06,98678.0
2009-07-07,98535.0
2009-07-08,98490.0
2009-07-09,98541.0
2009-07-10,98521.0
2009-07-13,98711.0
2009-07-14,98761.0
2009-07-15,98980.0
2009-07-16,99036.0
2009-07-17,99090.0
2009-07-20,99143.0
2009-07-21,99166.0
2009-07-22,99168.0
2009-07-23,99300.0
2009-07-24,99332.0
2009-07-27,99314.0
2009-07-28,99311.0
2009-07-29,99292.0
2009-07-30,99324.0
2009-07-31,99380.0
2009-08-03,99416.0
2009-08-04,99468.0
2009-08-05,99449.0
2009-08-06,99432.0
2009-08-07,99492.0
2009-08-10,99511.0
2009-08-11,99464.0
2009-08-12,99478.0
2009-08-13,99512.0
2009-08-14,99510.0
2009-08-17,99400.0
2009-08-18,99497.0
2009-08-19,99542.0
2009-08-20,99597.0
2009-08-21,99332.0
2009-08-24,98304.0
2009-08-25,98325.0
2009-08-26,98309.0
2009-08-27,98343.0
2009-08-28,98340.0
2009-08-31,98292.0
2009-09-01,98122.0
2009-09-02,98106.0
2009-09-03,98136.0
2009-09-04,98231.0
2009-09-08,98292.0
2009-09-09,98367.0
2009-09-10,98420.0
2009-09-11,98401.0
2009-09-14,98457.0
2009-09-15,98508.0
2009-09-16,98613.0
2009-09-17,98600.0
2009-09-18,98685.0
2009-09-21,98633.0
2009-09-22,98679.0
2009-09-23,98605.0
2009-09-24,98520.0
2009-09-25,98469.0
2009-09-28,98613.0
2009-09-29,98607.0
2009-09-30,98583.0
2009-10-01,98380.0
2009-10-02,98291.0
2009-10-05,98417.0
2009-10-06,98561.0
2009-10-07,98570.0
2009-10-08,98636.0
2009-10-09,98681.0
2009-10-12,98712.0
2009-10-13,98708.0
2009-10-14,98867.0
2009-10-15,98878.0
2009-10-16,98778.0
2009-10-19,98869.0
2009-10-20,98838.0
2009-10-21,98682.0
2009-10-22,98851.0
2009-10-23,98725.0
2009-10-26,98663.0
2009-10-27,98618.0
2009-10-28,98409.0
2009-10-29,98633.0
2009-10-30,98407.0
2009-11-02,98448.0
2009-11-03,98454.0
2009-11-04,98519.0
2009-11-05,98648.0
2009-11-06,98668.0
2009-11-09,98847.0
2009-11-10,98895.0
2009-11-11,98937.0
2009-11-12,98861.0
2009-11-13,98910.0
2009-11-16,99032.0
2009-11-17,99039.0
2009-11-18,99035.0
2009-11-19,98922.0
2009-11-20,98945.0
2009-11-23,98975.0
2009-11-24,98981.0
2009-11-25,99008.0
2009-11-27,98894.0
2009-11-30,98912.0
2009-12-01,99018.0
2009-12-02,99036.0
2009-12-03,98971.0
2009-12-04,99037.0
2009-12-07,99013.0
2009-12-08,98925.0
2009-12-09,98958.0
2009-12-10,98998.0
2009-12-11,99049.0
2009-12-14,99099.0
2009-12-15,99051.0
2009-12-16,99052.0
2009-12-17,98919.0
2009-12-18,99005.0
2009-12-21,99095.0
2009-12-22,99124.0
2009-12-23,99136.0
2009-12-24,100492.0
2009-12-28,100492.0
2009-12-29,100416.0
2009-12-30,100414.0
2009-12-31,100351.0
2010-01-04,100450.0
2010-01-05,100480.0
2010-01-06,100431.0
2010-01-07,100468.0
2010-01-08,100462.0
2010-01-11,100454.0
2010-01-12,100372.0
2010-01-13,100422.0
2010-01-14,100428.0
2010-01-15,100390.0
2010-01-19,100432.0
2010-01-20,100373.0
2010-01-21,100213.0
2010-01-22,100042.0
2010-01-25,100058.0
2010-01-26,100033.0
2010-01-27,100104.0
2010-01-28,99956.0
2010-01-29,99882.0
2010-02-01,99999.0
2010-02-02,100099.0
2010-02-03,100069.0
2010-02-04,99837.0
2010-02-05,99832.0
2010-02-08,99818.0
2010-02-09,99905.0
2010-02-10,99872.0
2010-02-11,99970.0
2010-02-12,99932.0
2010-02-16,100063.0
2010-02-17,100127.0
2010-02-18,100151.0
2010-02-19,100208.0
2010-02-22,100157.0
2010-02-23,100085.0
2010-02-24,100127.0
2010-02-25,100109.0
2010-02-26,100100.0
2010-03-01,100181.0
2010-03-02,100224.0
2010-03-03,100214.0
2010-03-04,100244.0
2010-03-05,100345.0
2010-03-08,100360.0
2010-03-09,100364.0
2010-03-10,100407.0
2010-03-11,100438.0
2010-03-12,100454.0
2010-03-15,100467.0
2010-03-16,100502.0
2010-03-17,100495.0
2010-03-18,100514.0
2010-03-19,100573.0
2010-03-22,99769.0
2010-03-23,99810.0
2010-03-24,99788.0
2010-03-25,99790.0
2010-03-26,99790.0
2010-03-29,99831.0
2010-03-30,99840.0
2010-03-31,99811.0
2010-04-01,99867.0
2010-04-05,99963.0
2010-04-06,99987.0
2010-04-07,99919.0
2010-04-08,99974.0
2010-04-09,100013.0
2010-04-12,100039.0
2010-04-13,100030.0
2010-04-14,100132.0
2010-04-15,100142.0
2010-04-16,100092.0
2010-04-19,100124.0
2010-04-20,100183.0
2010-04-21,100167.0
2010-04-22,100175.0
2010-04-23,100199.0
2010-04-26,100218.0
2010-04-27,100017.0
2010-04-28,100087.0
2010-04-29,100207.0
2010-04-30,100103.0
2010-05-03,100210.0
2010-05-04,100062.0
2010-05-05,100008.0
2010-05-06,99649.0
2010-05-07,99753.0
2010-05-10,100013.0
2010-05-11,100002.0
2010-05-12,100047.0
2010-05-13,99954.0
2010-05-14,99827.0
2010-05-17,99826.0
2010-05-18,99741.0
2010-05-19,99767.0
2010-05-20,99623.0
2010-05-21,99714.0
2010-05-24,99714.0
2010-05-25,99581.0
2010-05-26,99511.0
2010-05-27,99652.0
2010-05-28,99553.0
2010-06-01,99443.0
2010-06-02,99603.0
2010-06-03,99607.0
2010-06-04,99395.0
2010-06-07,99321.0
2010-06-08,99386.0
2010-06-09,99346.0
2010-06-10,99532.0
2010-06-11,99563.0
2010-06-14,99571.0
2010-06-15,99684.0
2010-06-16,99659.0
2010-06-17,99661.0
2010-06-18,99669.0
2010-06-21,99640.0
2010-06-22,99521.0
2010-06-23,99506.0
2010-06-24,99413.0
2010-06-25,99432.0
2010-06-28,99432.0
2010-06-29,99292.0
2010-06-30,99232.0
2010-07-01,99222.0
2010-07-02,99174.0
2010-07-06,99183.0
2010-07-07,99389.0
2010-07-08,99433.0
2010-07-09,99472.0
2010-07-12,99502.0
2010-07-13,99585.0
2010-07-14,99611.0
2010-07-15,99643.0
2010-07-16,99481.0
2010-07-19,99470.0
2010-07-20,99484.0
2010-07-21,99423.0
2010-07-22,99534.0
2010-07-23,99547.0
2010-07-26,100664.0
2010-07-27,100650.0
2010-07-28,100579.0
2010-07-29,100509.0
2010-07-30,100525.0
2010-08-02,100685.0
2010-08-03,100659.0
2010-08-04,100712.0
2010-08-05,100699.0
2010-08-06,100671.0
2010-08-09,100725.0
2010-08-10,100692.0
2010-08-11,100452.0
2010-08-12,100417.0
2010-08-13,100427.0
2010-08-16,100430.0
2010-08-17,100512.0
2010-08-18,100504.0
2010-08-19,100389.0
2010-08-20,100391.0
2010-08-23,100348.0
2010-08-24,100234.0
2010-08-25,100245.0
2010-08-26,100190.0
2010-08-27,100341.0
2010-08-30,100222.0
2010-08-31,100253.0
2010-09-01,100451.0
2010-09-02,100481.0
2010-09-03,100458.0
2010-09-07,100381.0
2010-09-08,100444.0
2010-09-09,100474.0
2010-09-10,100516.0
2010-09-13,100589.0
2010-09-14,100585.0
2010-09-15,100609.0
2010-09-16,100628.0
2010-09-17,100637.0
2010-09-20,100736.0
2010-09-21,100718.0
2010-09-22,100704.0
2010-09-23,100638.0
2010-09-24,100832.0
2010-09-27,100797.0
2010-09-28,100840.0
2010-09-29,100832.0
2010-09-30,100787.0
2010-10-01,100787.0
2010-10-14,100787.0
2010-10-04,100787.0
2010-10-05,100776.0
2010-10-06,100779.0
2010-10-07,100782.0
2010-10-08,100798.0
2010-10-11,100817.0
2010-10-12,100819.0
2010-10-13,100860.0
2010-10-15,100800.0
2010-10-18,100453.0
2010-10-19,100334.0
2010-10-20,100426.0
2010-10-21,100411.0
2010-10-22,100438.0
2010-10-25,100431.0
2010-10-26,100423.0
2010-10-27,100398.0
2010-10-28,100387.0
2010-10-29,100386.0
2010-11-01,100394.0
2010-11-02,100471.0
2010-11-03,100495.0
2010-11-04,100585.0
2010-11-05,100579.0
2010-11-08,99753.0
2010-11-09,99689.0
2010-11-10,99732.0
2010-11-11,99707.0
2010-11-12,99631.0
2010-11-15,99620.0
2010-11-16,99476.0
2010-11-17,99479.0
2010-11-18,99605.0
2010-11-19,99615.0
2010-11-22,99583.0
2010-11-23,99471.0
2010-11-24,99612.0
2010-11-26,99546.0
2010-11-29,99553.0
2010-11-30,99515.0
2010-12-01,99690.0
2010-12-02,99734.0
2010-12-03,99654.0
2010-12-06,99659.0
2010-12-07,99683.0
2010-12-08,99705.0
2010-12-09,99735.0
2010-12-10,99809.0
2010-12-13,99798.0
2010-12-14,99811.0
2010-12-15,99784.0
2010-12-16,99835.0
2010-12-17,99840.0
2010-12-20,99862.0
2010-12-21,99923.0
2010-12-22,99955.0
2010-12-23,100103.0
2010-12-27,100109.0
2010-12-28,100137.0
2010-12-29,100127.0
2010-12-30,100117.0
2010-12-31,100124.0
2011-01-03,100124.0
2011-01-04,100205.0
2011-01-05,100254.0
2011-01-06,100235.0
2011-01-07,100218.0
2011-01-10,100202.0
2011-01-11,100231.0
2011-01-12,100305.0
2011-01-13,100281.0
2011-01-14,100335.0
2011-01-18,100366.0
2011-01-19,100281.0
2011-01-20,100258.0
2011-01-21,100312.0
2011-01-24,100349.0
2011-01-25,100325.0
2011-01-26,100373.0
2011-01-27,100380.0
2011-01-28,100208.0
2011-01-31,100282.0
2011-02-01,100343.0
2011-02-02,100356.0
2011-02-03,100369.0
2011-02-04,100276.0
2011-02-07,99617.0
2011-02-08,99647.0
2011-02-09,99632.0
2011-02-10,99650.0
2011-02-11,99704.0
2011-02-14,99670.0
2011-02-15,99643.0
2011-02-16,99697.0
2011-02-17,99746.0
2011-02-18,99795.0
2011-02-22,99630.0
2011-02-23,99584.0
2011-02-24,99567.0
2011-02-25,99642.0
2011-02-28,99650.0
2011-03-01,99523.0
2011-03-02,99575.0
2011-03-03,99745.0
2011-03-04,99679.0
2011-03-07,99612.0
2011-03-08,99701.0
2011-03-09,99679.0
2011-03-10,99511.0
2011-03-11,99577.0
2011-03-14,99577.0
2011-03-15,99410.0
2011-03-16,99267.0
2011-03-17,99366.0
2011-03-18,99428.0
2011-03-21,99548.0
2011-03-22,99525.0
2011-03-23,99557.0
2011-03-24,99635.0
2011-03-25,99675.0
2011-03-28,99634.0
2011-03-29,99719.0
2011-03-30,99779.0
2011-03-31,99770.0
2011-04-01,99803.0
2011-04-04,99814.0
2011-04-05,99816.0
2011-04-06,99845.0
2011-04-07,99836.0
2011-04-08,99802.0
2011-04-11,99784.0
2011-04-12,99691.0
2011-04-13,99687.0
2011-04-14,99695.0
2011-04-15,99717.0
2011-04-18,99593.0
2011-04-19,99642.0
2011-04-20,99798.0
2011-04-21,99833.0
2011-04-25,99826.0
2011-04-26,99885.0
2011-04-27,99940.0
2011-04-28,99958.0
2011-04-29,99912.0
2011-05-02,99532.0
2011-05-03,99512.0
2011-05-04,99431.0
2011-05-05,99332.0
2011-05-06,99368.0
2011-05-09,99418.0
2011-05-10,99501.0
2011-05-11,99403.0
2011-05-12,99468.0
2011-05-13,99381.0
2011-05-16,99328.0
2011-05-17,99323.0
2011-05-18,99417.0
2011-05-19,99427.0
2011-05-20,99259.0
2011-05-23,99263.0
2011-05-24,99249.0
2011-05-25,99264.0
2011-05-26,99293.0
2011-05-27,99326.0
2011-05-31,99386.0
2011-06-01,99160.0
2011-06-02,99187.0
2011-06-03,99002.0
2011-06-06,99008.0
2011-06-07,98990.0
2011-06-08,98904.0
2011-06-09,98996.0
2011-06-10,98807.0
2011-06-13,98879.0
2011-06-14,98987.0
2011-06-15,98806.0
2011-06-16,98890.0
2011-06-17,98944.0
2011-06-20,98967.0
2011-06-21,99034.0
2011-06-22,99012.0
2011-06-23,98984.0
2011-06-24,98958.0
2011-06-27,99008.0
2011-06-28,99094.0
2011-06-29,99136.0
2011-06-30,98898.0
2011-07-01,99748.0
2011-07-05,99781.0
2011-07-06,99783.0
2011-07-07,99799.0
2011-07-08,99780.0
2011-07-11,98879.0
2011-07-12,98862.0
2011-07-13,98888.0
2011-07-14,98823.0
2011-07-15,98797.0
2011-07-18,98811.0
2011-07-19,98961.0
2011-07-20,98939.0
2011-07-21,99043.0
2011-07-22,99089.0
2011-07-25,99025.0
2011-07-26,98986.0
2011-07-27,98821.0
2011-07-28,98779.0
2011-07-29,98747.0
2011-08-01,98547.0
2011-08-02,98430.0
2011-08-03,98460.0
2011-08-04,98112.0
2011-08-05,98144.0
2011-08-08,97908.0
2011-08-09,97961.0
2011-08-10,97846.0
2011-08-11,97968.0
2011-08-12,98123.0
2011-08-15,98094.0
2011-08-16,98179.0
2011-08-17,98174.0
2011-08-18,97913.0
2011-08-19,97913.0
2011-08-22,97914.0
2011-08-23,98059.0
2011-08-24,98121.0
2011-08-25,98102.0
2011-08-26,98237.0
2011-08-29,98348.0
2011-08-30,98355.0
2011-08-31,98393.0
2011-09-01,98390.0
2011-09-02,98234.0
2011-09-06,98197.0
2011-09-07,98350.0
2011-09-08,98300.0
2011-09-09,98200.0
2011-09-12,98263.0
2011-09-13,98324.0
2011-09-14,98410.0
2011-09-15,98477.0
2011-09-16,98601.0
2011-09-19,98544.0
2011-09-20,98542.0
2011-09-21,98331.0
2011-09-22,98134.0
2011-09-23,98223.0
2011-09-26,98369.0
2011-09-27,98416.0
2011-09-28,98369.0
2011-09-29,98409.0
2011-09-30,98305.0
2011-10-03,98159.0
2011-10-04,98274.0
2011-10-05,98372.0
2011-10-06,98497.0
2011-10-07,98528.0
2011-10-10,98624.0
2011-10-11,98641.0
2011-10-12,98641.0
2011-10-13,98673.0
2011-10-14,98535.0
2011-10-17,100159.0
2011-10-18,100318.0
2011-10-19,100244.0
2011-10-20,100294.0
2011-10-21,100466.0
2011-10-24,100571.0
2011-10-25,100401.0
2011-10-26,100489.0
2011-10-27,100742.0
2011-10-28,100818.0
2011-10-31,100542.0
2011-11-01,100397.0
2011-11-02,100520.0
2011-11-03,100694.0
2011-11-04,100672.0
2011-11-07,100721.0
2011-11-08,100843.0
2011-11-09,100529.0
2011-11-10,100603.0
2011-11-11,100824.0
2011-11-14,100745.0
2011-11-15,98788.0
2011-11-16,98683.0
2011-11-17,98608.0
2011-11-18,98591.0
2011-11-21,98485.0
2011-11-22,98415.0
2011-11-23,98310.0
2011-11-25,98285.0
2011-11-28,98406.0
2011-11-29,98401.0
2011-11-30,98332.0
2011-12-01,98343.0
2011-12-02,97979.0
2011-12-05,98317.0
2011-12-06,98372.0
2011-12-07,98388.0
2011-12-08,98259.0
2011-12-09,98393.0
2011-12-12,98234.0
2011-12-13,98225.0
2011-12-14,98158.0
2011-12-15,98188.0
2011-12-16,98207.0
2011-12-19,98092.0
2011-12-20,98228.0
2011-12-21,98215.0
2011-12-22,100355.0
2011-12-23,100230.0
2011-12-27,99912.0
2011-12-28,99823.0
2011-12-29,99904.0
2011-12-30,99912.0
2012-01-03,99947.0
2012-01-04,99977.0
2012-01-05,99976.0
2012-01-06,100017.0
2012-01-09,99991.0
2012-01-10,100067.0
2012-01-11,100067.0
2012-01-12,100094.0
2012-01-13,100093.0
2012-01-17,100089.0
2012-01-18,100183.0
2012-01-19,100205.0
2012-01-20,100224.0
2012-01-23,100217.0
2012-01-24,100239.0
2012-01-25,100307.0
2012-01-26,100263.0
2012-01-27,100255.0
2012-01-30,100226.0
2012-01-31,100202.0
2012-02-01,100322.0
2012-02-02,100314.0
2012-02-06,104665.0
2012-02-07,104713.0
2012-02-08,104745.0
2012-02-09,104776.0
2012-02-10,104703.0
2012-02-13,104796.0
2012-02-14,104773.0
2012-02-15,104794.0
2012-02-16,104858.0
2012-02-17,104951.0
2012-02-21,104957.0
2012-02-22,104894.0
2012-02-23,104967.0
2012-02-24,104998.0
2012-02-27,105011.0
2012-02-28,105045.0
2012-02-29,104956.0
2012-03-01,105067.0
2012-03-02,105019.0
2012-03-05,105000.0
2012-03-06,104832.0
2012-03-07,104916.0
2012-03-08,105026.0
2012-03-09,105062.0
2012-03-12,105019.0
2012-03-13,105232.0
2012-03-14,105243.0
2012-03-15,105236.0
2012-03-16,105316.0
2012-03-19,105355.0
2012-03-20,105329.0
2012-03-21,105288.0
2012-03-22,105185.0
2012-03-23,105229.0
2012-03-26,105337.0
2012-03-27,105304.0
2012-03-28,105253.0
2012-03-29,105245.0
2012-03-30,105299.0
2012-04-02,105367.0
2012-04-03,105348.0
2012-04-04,105217.0
2012-04-05,105226.0
2012-04-09,105102.0
2012-04-10,104971.0
2012-04-11,105035.0
2012-04-12,105143.0
2012-04-13,105023.0
2012-04-16,105023.0
2012-04-17,105166.0
2012-04-18,105146.0
2012-04-19,105112.0
2012-04-20,105130.0
2012-04-23,105049.0
2012-04-24,105104.0
2012-04-25,105237.0
2012-04-26,105304.0
2012-04-27,105339.0
2012-04-30,105271.0
2012-05-01,105336.0
2012-05-02,105306.0
2012-05-03,105208.0
2012-05-04,104919.0
2012-05-07,105035.0
2012-05-08,104986.0
2012-05-09,104909.0
2012-05-10,104948.0
2012-05-11,104918.0
2012-05-14,104816.0
2012-05-15,104777.0
2012-05-16,104722.0
2012-05-17,104560.0
2012-05-18,104486.0
2012-05-21,104639.0
2012-05-22,104668.0
2012-05-23,104685.0
2012-05-24,104761.0
2012-05-25,104701.0
2012-05-29,104847.0
2012-05-30,104696.0
2012-05-31,104674.0
2012-06-01,104455.0
2012-06-04,104441.0
2012-06-05,104528.0
2012-06-06,104693.0
2012-06-07,104704.0
2012-06-08,104533.0
2012-06-11,103735.0
2012-06-12,103870.0
2012-06-13,103808.0
2012-06-14,103881.0
2012-06-15,104001.0
2012-06-18,104019.0
2012-06-19,104092.0
2012-06-20,104072.0
2012-06-21,103838.0
2012-06-22,103835.0
2012-06-25,103752.0
2012-06-26,103803.0
2012-06-27,103883.0
2012-06-28,103852.0
2012-06-29,104015.0
2012-07-02,103615.0
2012-07-03,103677.0
2012-07-05,103655.0
2012-07-06,103593.0
2012-07-09,103547.0
2012-07-10,103463.0
2012-07-11,103434.0
2012-07-12,103389.0
2012-07-13,103541.0
2012-07-16,103510.0
2012-07-17,103561.0
2012-07-18,103620.0
2012-07-19,103651.0
2012-07-20,103591.0
2012-07-23,103506.0
2012-07-24,103389.0
2012-07-25,103427.0
2012-07-26,103574.0
2012-07-27,103823.0
2012-07-30,103782.0
2012-07-31,103718.0
2012-08-01,103708.0
2012-08-02,103633.0
2012-08-03,103858.0
2012-08-06,103860.0
2012-08-07,103935.0
2012-08-08,103946.0
2012-08-09,103966.0
2012-08-10,103980.0
2012-08-13,103986.0
2012-08-14,103993.0
2012-08-15,104027.0
2012-08-16,104058.0
2012-08-17,104124.0
2012-08-20,104128.0
2012-08-21,104122.0
2012-08-22,104142.0
2012-08-23,104037.0
2012-08-24,104122.0
2012-08-27,104102.0
2012-08-28,104105.0
2012-08-29,104127.0
2012-08-30,104035.0
2012-08-31,104070.0
2012-09-04,104068.0
2012-09-05,104034.0
2012-09-06,104225.0
2012-09-07,104279.0
2012-09-10,104198.0
2012-09-11,104211.0
2012-09-12,104247.0
2012-09-13,104368.0
2012-09-14,104430.0
2012-09-17,103197.0
2012-09-18,103172.0
2012-09-19,103188.0
2012-09-20,103183.0
2012-09-21,103208.0
2012-09-24,103176.0
2012-09-25,103094.0
2012-09-26,103045.0
2012-09-27,103105.0
2012-09-28,103088.0
2012-10-01,103078.0
2012-10-02,103089.0
2012-10-03,103126.0
2012-10-04,103131.0
2012-10-05,103189.0
2012-10-08,103106.0
2012-10-09,102996.0
2012-10-10,102921.0
2012-10-11,102916.0
2012-10-12,102858.0
2012-10-15,102924.0
2012-10-16,102864.0
2012-10-17,102991.0
2012-10-18,103007.0
2012-10-19,102893.0
2012-10-22,102905.0
2012-10-23,102785.0
2012-10-24,102763.0
2012-10-25,102753.0
2012-10-26,102788.0
2012-10-31,102742.0
2012-11-01,102828.0
2012-11-02,102746.0
2012-11-05,102773.0
2012-11-06,102819.0
2012-11-07,102648.0
2012-11-08,102540.0
2012-11-09,102569.0
2012-11-12,102551.0
2012-11-13,102085.0
2012-11-14,101982.0
2012-11-15,101974.0
2012-11-16,102012.0
2012-11-19,102097.0
2012-11-20,102089.0
2012-11-21,102101.0
2012-11-23,101953.0
2012-11-26,102455.0
2012-11-27,102425.0
2012-11-28,102481.0
2012-11-29,102524.0
2012-11-30,102532.0
2012-12-03,102483.0
2012-12-04,102491.0
2012-12-05,102475.0
2012-12-06,102500.0
2012-12-07,102571.0
2012-12-10,102580.0
2012-12-11,102655.0
2012-12-12,102655.0
2012-12-13,102620.0
2012-12-14,102593.0
2012-12-17,102690.0
2012-12-18,102713.0
2012-12-19,102732.0
2012-12-20,102752.0
2012-12-21,102729.0
2012-12-24,102761.0
2012-12-26,102720.0
2012-12-27,103138.0
2012-12-28,102982.0
2012-12-31,103090.0
2013-01-02,103181.0
2013-01-03,103202.0
2013-01-04,102926.0
2013-01-07,102629.0
2013-01-08,102615.0
2013-01-09,102654.0
2013-01-10,102724.0
2013-01-11,102738.0
2013-01-14,102710.0
2013-01-15,102728.0
2013-01-16,102725.0
2013-01-17,102782.0
2013-01-18,102806.0
2013-01-22,102832.0
2013-01-23,102823.0
2013-01-24,102831.0
2013-01-25,102889.0
2013-01-28,102872.0
2013-01-29,102904.0
2013-01-30,102865.0
2013-01-31,102866.0
2013-02-01,102940.0
2013-02-04,102861.0
2013-02-05,103002.0
2013-02-06,102941.0
2013-02-07,102906.0
2013-02-08,103005.0
2013-02-11,102983.0
2013-02-12,103023.0
2013-02-13,103008.0
2013-02-14,103031.0
2013-02-15,103027.0
2013-02-19,103079.0
2013-02-20,102952.0
2013-02-21,102902.0
2013-02-22,103023.0
2013-02-25,102885.0
2013-02-26,102905.0
2013-02-27,103059.0
2013-02-28,103028.0
2013-03-01,103092.0
2013-03-04,103141.0
2013-03-05,103185.0
2013-03-06,103191.0
2013-03-07,103183.0
2013-03-08,103092.0
2013-03-11,102059.0
2013-03-12,102066.0
2013-03-13,102084.0
2013-03-14,102119.0
2013-03-15,102135.0
2013-03-18,102095.0
2013-03-19,102088.0
2013-03-20,102127.0
2013-03-21,102052.0
2013-03-22,102155.0
2013-03-25,102114.0
2013-03-26,102192.0
2013-03-27,102208.0
2013-03-28,102238.0
2013-04-01,102176.0
2013-04-02,102242.0
2013-04-03,102149.0
2013-04-04,102204.0
2013-04-05,102135.0
2013-04-08,102206.0
2013-04-09,102222.0
2013-04-10,102232.0
2013-04-11,102234.0
2013-04-12,102120.0
2013-04-15,102120.0
2013-04-16,114479.0
2013-04-17,114369.0
2013-04-18,114294.0
2013-04-19,114384.0
2013-04-22,114433.0
2013-04-23,114519.0
2013-04-24,114538.0
2013-04-25,114550.0
2013-04-26,114563.0
2013-04-29,114631.0
2013-04-30,114654.0
2013-05-01,114554.0
2013-05-02,114615.0
2013-05-03,114788.0
2013-05-06,114825.0
2013-05-07,114881.0
2013-05-08,114939.0
2013-05-09,114935.0
2013-05-10,115007.0
2013-05-13,115004.0
2013-05-14,115102.0
2013-05-15,115144.0
2013-05-16,115147.0
2013-05-17,115053.0
2013-05-20,114422.0
2013-05-21,114458.0
2013-05-22,114376.0
2013-05-23,114309.0
2013-05-24,114327.0
2013-05-28,114374.0
2013-05-29,114323.0
2013-05-30,114336.0
2013-05-31,114234.0
2013-06-03,114277.0
2013-06-04,114260.0
2013-06-05,114096.0
2013-06-06,114154.0
2013-06-07,114320.0
2013-06-10,114340.0
2013-06-11,114273.0
2013-06-12,114183.0
2013-06-13,114338.0
2013-06-14,114276.0
2013-06-17,114315.0
2013-06-18,114349.0
2013-06-19,114198.0
2013-06-20,114015.0
2013-06-21,114046.0
2013-06-24,113945.0
2013-06-25,114035.0
2013-06-26,114109.0
2013-06-27,114167.0
2013-06-28,114142.0
2013-07-01,114161.0
2013-07-02,114160.0
2013-07-03,114157.0
2013-07-05,114281.0
2013-07-08,114598.0
2013-07-09,114640.0
2013-07-10,114646.0
2013-07-11,114644.0
2013-07-12,114371.0
2013-07-15,114072.0
2013-07-16,114041.0
2013-07-17,114024.0
2013-07-18,114029.0
2013-07-19,114114.0
2013-07-22,114171.0
2013-07-23,114154.0
2013-07-24,114089.0
2013-07-25,114136.0
2013-07-26,114099.0
2013-07-29,114102.0
2013-07-30,114074.0
2013-07-31,114043.0
2013-08-01,114140.0
2013-08-02,114215.0
2013-08-05,114233.0
2013-08-06,114187.0
2013-08-07,114120.0
2013-08-08,114174.0
2013-08-09,114080.0
2013-08-12,114129.0
2013-08-13,114166.0
2013-08-14,114094.0
2013-08-15,113916.0
2013-08-16,113857.0
2013-08-19,113837.0
2013-08-20,113872.0
2013-08-21,113771.0
2013-08-22,113901.0
2013-08-23,113944.0
2013-08-26,113907.0
2013-08-27,113738.0
2013-08-28,113802.0
2013-08-29,113835.0
2013-08-30,113827.0
2013-09-03,113859.0
2013-09-04,113942.0
2013-09-05,113968.0
2013-09-06,114003.0
2013-09-09,114067.0
2013-09-10,114099.0
2013-09-11,114104.0
2013-09-12,114115.0
2013-09-13,114033.0
2013-09-16,113742.0
2013-09-17,113762.0
2013-09-18,113795.0
2013-09-19,113801.0
2013-09-20,113872.0
2013-09-23,113811.0
2013-09-24,113794.0
2013-09-25,113734.0
2013-09-26,113777.0
2013-09-27,113743.0
2013-09-30,113694.0
2013-10-01,113778.0
2013-10-02,113743.0
2013-10-03,113658.0
2013-10-04,113774.0
2013-10-07,113688.0
2013-10-08,113571.0
2013-10-09,113552.0
2013-10-10,113776.0
2013-10-11,113866.0
2013-10-14,113904.0
2013-10-15,113830.0
2013-10-16,113945.0
2013-10-17,114049.0
2013-10-18,114119.0
2013-10-21,114130.0
2013-10-22,114206.0
2013-10-23,114157.0
2013-10-24,114219.0
2013-10-25,114264.0
2013-10-28,114309.0
2013-10-29,114387.0
2013-10-30,114324.0
2013-10-31,114262.0
2013-11-01,114186.0
2013-11-04,114330.0
2013-11-05,114306.0
2013-11-06,114362.0
2013-11-07,114208.0
2013-11-08,114382.0
2013-11-11,114382.0
2013-11-12,113177.0
2013-11-13,113256.0
2013-11-14,113299.0
2013-11-15,113302.0
2013-11-18,113754.0
2013-11-19,113745.0
2013-11-20,113690.0
2013-11-21,113791.0
2013-11-22,113846.0
2013-11-25,113851.0
2013-11-26,113857.0
2013-11-27,113878.0
2013-11-29,113901.0
2013-12-02,113863.0
2013-12-03,113789.0
2013-12-04,113810.0
2013-12-05,113729.0
2013-12-06,113867.0
2013-12-09,113897.0
2013-12-10,113871.0
2013-12-11,113725.0
2013-12-12,113671.0
2013-12-13,113690.0
2013-12-16,113775.0
2013-12-17,113712.0
2013-12-18,113854.0
2013-12-19,113922.0
2013-12-20,113990.0
2013-12-23,113938.0
2013-12-24,113967.0
2013-12-26,114023.0
2013-12-27,114597.0
2013-12-30,114671.0
2013-12-31,114687.0
2014-01-02,114616.0
2014-01-03,114577.0
2014-01-06,114494.0
2014-01-07,114608.0
2014-01-08,114574.0
2014-01-09,114621.0
2014-01-10,114590.0
2014-01-13,114425.0
2014-01-14,114611.0
2014-01-15,114686.0
2014-01-16,114619.0
2014-01-17,114571.0
2014-01-21,114601.0
2014-01-22,114669.0
2014-01-23,114511.0
2014-01-24,114277.0
2014-01-27,114140.0
2014-01-28,114214.0
2014-01-29,114064.0
2014-01-30,114211.0
2014-01-31,114180.0
2014-02-03,113941.0
2014-02-04,114018.0
2014-02-05,114003.0
2014-02-06,114105.0
2014-02-07,114304.0
2014-02-10,114325.0
2014-02-11,114438.0
2014-02-12,114463.0
2014-02-13,114511.0
2014-02-14,114418.0
2014-02-18,113758.0
2014-02-19,113712.0
2014-02-20,113713.0
2014-02-21,113681.0
2014-02-24,113710.0
2014-02-25,113734.0
2014-02-26,113766.0
2014-02-27,113809.0
2014-02-28,113816.0
2014-03-03,113786.0
2014-03-04,113959.0
2014-03-05,113983.0
2014-03-06,114018.0
2014-03-07,114042.0
2014-03-10,114041.0
2014-03-11,113976.0
2014-03-12,113979.0
2014-03-13,113823.0
2014-03-14,113771.0
2014-03-17,113885.0
2014-03-18,113927.0
2014-03-19,113924.0
2014-03-20,113968.0
2014-03-21,113957.0
2014-03-24,113905.0
2014-03-25,113955.0
2014-03-26,113840.0
2014-03-27,113838.0
2014-03-28,113908.0
2014-03-31,113960.0
2014-04-01,114015.0
2014-04-02,114058.0
2014-04-03,114050.0
2014-04-04,113948.0
2014-04-07,113823.0
2014-04-08,113867.0
2014-04-09,113989.0
2014-04-10,113715.0
2014-04-11,113618.0
2014-04-14,113694.0
2014-04-15,113764.0
2014-04-16,113770.0
2014-04-17,113839.0
2014-04-21,113839.0
2014-04-22,113945.0
2014-04-23,114815.0
2014-04-24,114923.0
2014-04-25,114817.0
2014-04-28,114865.0
2014-04-29,114906.0
2014-04-30,114948.0
2014-05-01,114933.0
2014-05-02,114924.0
2014-05-05,114938.0
2014-05-06,114858.0
2014-05-07,114922.0
2014-05-08,114886.0
2014-05-09,114911.0
2014-05-12,114954.0
2014-05-13,114969.0
2014-05-14,114929.0
2014-05-15,114858.0
2014-05-16,114869.0
2014-05-19,114907.0
2014-05-20,114837.0
2014-05-21,114922.0
2014-05-22,114955.0
2014-05-23,114953.0
2014-05-27,114576.0
2014-05-28,114587.0
2014-05-29,114634.0
2014-05-30,114502.0
2014-06-02,114181.0
2014-06-03,114170.0
2014-06-04,114195.0
2014-06-05,114247.0
2014-06-06,114248.0
2014-06-09,114201.0
2014-06-10,114201.0
2014-06-11,114165.0
2014-06-12,114079.0
2014-06-13,114126.0
2014-06-16,114160.0
2014-06-17,114175.0
2014-06-18,114231.0
2014-06-19,114248.0
2014-06-20,114284.0
2014-06-23,114300.0
2014-06-24,114240.0
2014-06-25,114304.0
2014-06-26,114259.0
2014-06-27,114292.0
2014-06-30,114286.0
2014-07-01,114359.0
2014-07-02,114374.0
2014-07-03,114317.0
2014-07-07,114405.0
2014-07-08,114310.0
2014-07-09,114387.0
2014-07-10,114322.0
2014-07-11,114333.0
2014-07-14,114388.0
2014-07-15,114376.0
2014-07-16,114418.0
2014-07-17,114278.0
2014-07-18,114427.0
2014-07-21,114409.0
2014-07-22,114447.0
2014-07-24,114537.0
2014-07-25,114488.0
2014-07-28,114501.0
2014-07-29,114429.0
2014-07-30,114459.0
2014-07-31,114217.0
2014-08-01,114207.0
2014-08-04,114272.0
2014-08-05,114187.0
2014-08-06,114209.0
2014-08-07,114144.0
2014-08-08,114218.0
2014-08-11,114289.0
2014-08-12,114250.0
2014-08-13,114315.0
2014-08-14,114358.0
2014-08-15,114361.0
2014-08-18,114428.0
2014-08-19,114469.0
2014-08-20,114491.0
2014-08-21,114454.0
2014-08-22,114463.0
2014-08-25,114499.0
2014-08-26,114517.0
2014-08-27,114527.0
2014-08-28,114547.0
2014-08-29,114369.0
2014-09-02,114533.0
2014-09-03,114510.0
2014-09-04,114502.0
2014-09-05,114558.0
2014-09-08,114530.0
2014-09-09,114454.0
2014-09-10,114509.0
2014-09-11,114518.0
2014-09-12,114439.0
2014-09-15,114445.0
2014-09-16,114511.0
2014-09-17,114506.0
2014-09-18,114565.0
2014-09-19,114623.0
2014-09-22,114512.0
2014-09-23,114420.0
2014-09-24,114551.0
2014-09-25,114332.0
2014-09-26,114453.0
2014-09-29,114416.0
2014-09-30,114381.0
2014-10-01,114221.0
2014-10-02,114225.0
2014-10-03,114335.0
2014-10-06,114321.0
2014-10-07,114020.0
2014-10-08,114333.0
2014-10-09,114038.0
2014-10-10,113874.0
2014-10-13,113770.0
2014-10-14,113762.0
2014-10-15,113629.0
2014-10-16,113560.0
2014-10-17,113770.0
2014-10-20,113870.0
2014-10-21,113926.0
2014-10-22,114001.0
2014-10-23,113965.0
2014-10-24,113623.0
2014-10-27,114256.0
2014-10-28,114357.0
2014-10-29,114400.0
2014-10-30,114483.0
2014-10-31,114306.0
2014-11-03,114001.0
2014-11-04,113952.0
2014-11-05,114060.0
2014-11-06,114111.0
2014-11-07,114116.0
2014-11-10,114150.0
2014-11-11,114147.0
2014-11-12,114174.0
2014-11-13,114176.0
2014-11-14,114219.0
2014-11-17,114206.0
2014-11-18,113213.0
2014-11-19,113225.0
2014-11-20,113235.0
2014-11-21,113342.0
2014-11-24,113366.0
2014-11-25,113391.0
2014-11-26,113409.0
2014-11-28,113426.0
2014-12-01,113299.0
2014-12-02,113390.0
2014-12-03,113431.0
2014-12-04,113453.0
2014-12-05,113464.0
2014-12-08,113411.0
2014-12-09,113312.0
2014-12-10,113214.0
2014-12-11,113295.0
2014-12-12,113029.0
2014-12-15,112962.0
2014-12-16,112899.0
2014-12-17,113053.0
2014-12-18,113196.0
2014-12-19,113255.0
2014-12-22,113938.0
2014-12-23,114056.0
2014-12-24,114014.0
2014-12-26,114401.0
2014-12-29,114413.0
2014-12-30,114372.0
2014-12-31,114172.0
2015-01-02,114157.0
2015-01-05,113908.0
2015-01-06,113790.0
2015-01-07,113922.0
2015-01-08,114201.0
2015-01-09,114076.0
2015-01-12,113939.0
2015-01-13,113873.0
2015-01-14,113771.0
2015-01-15,113676.0
2015-01-16,113858.0
2015-01-20,113852.0
2015-01-21,113942.0
2015-01-22,114101.0
2015-01-23,114143.0
2015-01-26,114109.0
2015-01-27,113995.0
2015-01-28,113728.0
2015-01-29,113901.0
2015-01-30,113704.0
2015-02-02,113871.0
2015-02-03,114065.0
2015-02-04,114008.0
2015-02-05,114180.0
2015-02-06,114240.0
2015-02-09,114276.0
2015-02-10,114341.0
2015-02-11,114345.0
2015-02-12,114436.0
2015-02-13,114399.0
2015-02-17,113867.0
2015-02-18,113718.0
2015-02-19,113707.0
2015-02-20,113793.0
2015-02-23,113771.0
2015-02-24,113807.0
2015-02-25,113742.0
2015-02-26,113711.0
2015-02-27,113680.0
2015-03-02,113741.0
2015-03-03,113692.0
2015-03-04,113620.0
2015-03-05,113645.0
2015-03-06,113441.0
2015-03-09,113489.0
2015-03-10,113240.0
2015-03-11,113246.0
2015-03-12,113384.0
2015-03-13,113299.0
2015-03-16,113451.0
2015-03-17,113416.0
2015-03-18,113498.0
2015-03-19,113522.0
2015-03-20,113643.0
2015-03-23,112869.0
2015-03-24,112800.0
2015-03-25,112625.0
2015-03-26,112561.0
2015-03-27,112577.0
2015-03-30,112757.0
2015-03-31,112596.0
2015-04-01,112603.0
2015-04-02,112587.0
2015-04-06,112755.0
2015-04-07,112688.0
2015-04-08,112759.0
2015-04-09,112773.0
2015-04-10,112900.0
2015-04-13,112494.0
2015-04-14,112564.0
2015-04-15,112623.0
2015-04-16,112634.0
2015-04-17,112501.0
2015-04-20,112576.0
2015-04-21,112586.0
2015-04-22,112645.0
2015-04-23,112641.0
2015-04-24,112664.0
2015-04-27,112393.0
2015-04-28,112392.0
2015-04-29,112326.0
2015-04-30,112202.0
2015-05-01,112416.0
2015-05-04,112454.0
2015-05-05,112302.0
2015-05-06,112222.0
2015-05-07,112231.0
2015-05-08,112421.0
2015-05-11,112392.0
2015-05-12,112318.0
2015-05-13,112338.0
2015-05-14,112490.0
2015-05-15,112518.0
2015-05-18,112542.0
2015-05-19,112524.0
2015-05-20,112513.0
2015-05-21,112496.0
2015-05-22,112531.0
2015-05-26,112402.0
2015-05-27,112489.0
2015-05-28,112476.0
2015-05-29,112388.0
2015-06-01,112418.0
2015-06-02,112409.0
2015-06-03,112463.0
2015-06-04,112356.0
2015-06-05,112338.0
2015-06-08,112265.0
2015-06-09,112191.0
2015-06-10,112397.0
2015-06-11,112404.0
2015-06-12,112329.0
2015-06-15,112247.0
2015-06-16,112318.0
2015-06-17,112330.0
2015-06-18,112490.0
2015-06-19,112451.0
2015-06-22,112447.0
2015-06-23,112483.0
2015-06-24,112369.0
2015-06-25,112330.0
2015-06-26,112342.0
2015-06-29,112062.0
2015-06-30,111999.0
2015-07-01,112133.0
2015-07-02,112012.0
2015-07-06,112096.0
2015-07-07,112138.0
2015-07-08,111839.0
2015-07-09,111895.0
2015-07-10,112060.0
2015-07-13,112245.0
2015-07-14,112301.0
2015-07-15,112320.0
2015-07-16,112416.0
2015-07-17,112444.0
2015-07-20,112482.0
2015-07-21,112427.0
2015-07-22,112390.0
2015-07-23,112321.0
2015-07-24,112167.0
2015-07-27,112063.0
2015-07-28,112233.0
2015-07-29,112333.0
2015-07-30,112388.0
2015-07-31,112344.0
2015-08-03,112270.0
2015-08-04,112244.0
2015-08-05,112306.0
2015-08-06,112208.0
2015-08-07,112156.0
2015-08-10,112343.0
2015-08-11,112214.0
2015-08-12,112224.0
2015-08-13,112219.0
2015-08-14,112263.0
2015-08-17,112346.0
2015-08-18,112302.0
2015-08-19,112133.0
2015-08-20,111807.0
2015-08-21,111346.0
2015-08-24,110682.0
2015-08-25,110741.0
2015-08-26,111165.0
2015-08-27,111534.0
2015-08-28,111575.0
2015-08-31,111473.0
2015-10-16,111473.0
2015-09-01,111473.0
2015-09-02,110975.0
2015-09-03,111026.0
2015-09-04,110900.0
2015-09-08,111188.0
2015-09-09,111044.0
2015-09-10,111091.0
2015-09-11,111234.0
2015-09-14,111160.0
2015-09-15,111313.0
2015-09-16,111346.0
2015-09-17,111335.0
2015-09-18,111196.0
2015-09-21,111228.0
2015-09-22,111016.0
2015-09-23,110993.0
2015-09-24,110930.0
2015-09-25,110976.0
2015-09-28,110538.0
2015-09-29,110632.0
2015-09-30,110854.0
2015-10-01,110938.0
2015-10-02,111153.0
2015-10-05,111315.0
2015-10-06,111212.0
2015-10-07,111398.0
2015-10-08,111423.0
2015-10-09,111286.0
2015-10-12,110610.0
2015-10-13,110534.0
2015-10-14,110440.0
2015-10-15,110683.0
2015-10-19,110683.0
2015-10-20,110648.0
2015-10-21,110559.0
2015-10-22,110646.0
2015-10-23,110831.0
2015-10-26,110843.0
2015-10-27,110823.0
2015-10-28,110901.0
2015-10-29,110918.0
2015-10-30,110899.0
2015-11-02,110637.0
2015-11-03,110661.0
2015-11-04,110676.0
2015-11-05,110685.0
2015-11-06,110741.0
2015-11-09,110593.0
2015-11-10,110602.0
2015-11-11,110544.0
2015-11-12,110373.0
2015-11-13,110243.0
2015-11-16,110370.0
2015-11-17,109739.0
2015-11-18,109804.0
2015-11-19,109845.0
2015-11-20,109584.0
2015-11-23,110663.0
2015-11-24,110676.0
2015-11-25,110690.0
2015-11-27,110744.0
2015-11-30,110659.0
2015-12-01,110753.0
2015-12-02,110646.0
2015-12-03,110435.0
2015-12-04,110745.0
2015-12-07,110655.0
2015-12-08,110527.0
2015-12-09,110408.0
2015-12-10,110458.0
2015-12-11,110177.0
2015-12-14,110262.0
2015-12-15,110420.0
2015-12-16,110596.0
2015-12-17,110277.0
2015-12-18,110032.0
2015-12-21,110235.0
2015-12-22,110363.0
2015-12-23,110491.0
2015-12-24,110878.0
2015-12-28,110973.0
2015-12-29,111163.0
2015-12-30,111029.0
2015-12-31,110747.0
2016-01-04,110673.0
2016-01-05,110706.0
2016-01-06,110435.0
2016-01-07,110099.0
2016-01-08,109952.0
2016-01-11,109936.0
2016-01-12,110081.0
2016-01-13,109784.0
2016-01-14,109984.0
2016-01-15,109820.0
2016-01-19,109797.0
2016-01-20,109589.0
2016-01-21,109753.0
2016-01-22,109945.0
2016-01-25,109679.0
2016-01-26,109880.0
2016-01-27,109808.0
2016-01-28,109798.0
2016-01-29,110111.0
2016-02-01,110145.0
2016-02-02,109894.0
2016-02-03,109964.0
2016-02-04,109989.0
2016-02-05,109817.0
2016-02-08,109686.0
2016-02-09,109654.0
2016-02-10,109648.0
2016-02-11,109529.0
2016-02-12,109815.0
2016-02-16,109951.0
2016-02-17,110018.0
2016-02-18,110020.0
2016-02-19,110063.0
2016-02-22,110682.0
2016-02-23,110582.0
2016-02-24,110672.0
2016-02-25,110783.0
2016-02-26,110830.0
2016-02-29,110716.0
2016-03-01,110988.0
2016-03-02,111030.0
2016-03-03,111019.0
2016-03-04,110986.0
2016-03-07,110193.0
2016-03-08,110078.0
2016-03-09,110140.0
2016-03-10,110167.0
2016-03-11,110390.0
2016-03-14,110366.0
2016-03-15,110334.0
2016-03-16,110343.0
2016-03-17,110435.0
2016-03-18,110500.0
2016-03-21,110523.0
2016-03-22,110529.0
2016-03-23,110435.0
2016-03-24,110449.0
2016-03-28,110426.0
2016-03-29,110515.0
2016-03-30,110533.0
2016-03-31,110569.0
2016-04-01,110643.0
2016-04-04,110612.0
2016-04-05,110475.0
2016-04-06,110622.0
2016-04-07,110472.0
2016-04-08,110531.0
2016-04-11,110465.0
2016-04-12,110588.0
2016-04-13,110653.0
2016-04-14,110674.0
2016-04-15,110672.0
2016-04-18,109894.0
2016-04-19,109920.0
2016-04-20,109962.0
2016-04-21,109923.0
2016-04-22,109963.0
2016-04-25,109938.0
2016-04-26,109968.0
2016-04-27,109982.0
2016-04-28,109840.0
2016-04-29,109778.0
2016-05-02,109849.0
2016-05-03,109770.0
2016-05-04,109701.0
2016-05-05,109690.0
2016-05-06,109753.0
2016-05-09,109738.0
2016-05-10,109858.0
2016-05-11,109781.0
2016-05-12,109777.0
2016-05-13,109705.0
2016-05-16,109782.0
2016-05-17,109709.0
2016-05-18,109713.0
2016-05-19,109696.0
2016-05-20,109797.0
2016-05-23,109751.0
2016-05-24,109881.0
2016-05-25,109922.0
2016-05-26,109919.0
2016-05-27,109755.0
2016-05-31,109431.0
2016-06-01,109470.0
2016-06-02,109504.0
2016-06-03,109446.0
2016-06-06,109536.0
2016-06-07,109568.0
2016-06-08,109631.0
2016-06-09,109619.0
2016-06-10,109534.0
2016-06-13,109443.0
2016-06-14,109409.0
2016-06-15,109365.0
2016-06-16,109391.0
2016-06-17,109346.0
2016-06-20,109390.0
2016-06-21,109434.0
2016-06-22,109380.0
2016-06-23,109417.0
2016-06-24,109132.0
2016-06-27,108855.0
2016-06-28,109070.0
2016-06-29,109304.0
2016-06-30,109261.0
2016-07-01,109653.0
2016-07-05,109594.0
2016-07-06,109704.0
2016-07-07,109672.0
2016-07-08,109875.0
2016-07-11,109932.0
2016-07-12,109971.0
2016-07-13,109981.0
2016-07-14,109988.0
2016-07-15,110006.0
2016-07-18,109564.0
2016-07-19,109555.0
2016-07-20,109626.0
2016-07-21,109593.0
2016-07-22,109683.0
2016-07-25,109636.0
2016-07-26,109644.0
2016-07-27,109634.0
2016-07-28,109645.0
2016-07-29,109680.0
2016-08-01,109646.0
2016-08-02,109579.0
2016-08-03,109591.0
2016-08-04,109595.0
2016-08-05,109743.0
2016-08-08,109708.0
2016-08-09,109711.0
2016-08-10,109671.0
2016-08-11,109747.0
2016-08-12,109735.0
2016-08-15,109764.0
2016-08-16,109730.0
2016-08-17,109756.0
2016-08-18,109769.0
2016-08-19,109769.0
2016-08-22,109750.0
2016-08-23,109762.0
2016-08-24,109696.0
2016-08-25,109698.0
2016-08-26,109675.0
2016-08-29,109720.0
2016-08-30,109717.0
2016-08-31,109690.0
2016-09-01,109675.0
2016-09-02,109759.0
2016-09-06,109792.0
2016-09-07,109793.0
2016-09-08,109761.0
2016-09-09,109331.0
2016-09-12,109591.0
2016-09-13,109405.0
2016-09-14,109396.0
2016-09-15,109555.0
2016-09-16,109533.0
2016-09-19,109527.0
2016-09-20,109508.0
2016-09-21,109674.0
2016-09-22,109757.0
2016-09-23,109675.0
2016-09-26,109675.0
2016-09-27,109630.0
2016-09-28,109683.0
2016-09-29,109574.0
2016-09-30,109685.0
2016-10-03,109650.0
2016-10-07,109650.0
2016-10-04,109496.0
2016-10-05,109545.0
2016-10-06,109562.0
2016-10-10,109592.0
2016-10-11,109464.0
2016-10-12,109456.0
2016-10-13,109416.0
2016-10-14,109478.0
2016-10-17,109391.0
2016-10-18,109450.0
2016-10-19,109477.0
2016-10-20,109475.0
2016-10-21,109464.0
2016-10-24,109524.0
2016-10-25,109479.0
2016-10-26,109476.0
2016-10-27,109409.0
2016-10-28,109405.0
2016-10-31,109396.0
2016-11-01,109298.0
2016-11-02,109209.0
2016-11-03,109140.0
2016-11-04,109118.0
2016-11-07,109407.0
2016-11-08,109425.0
2016-11-09,109570.0
2016-11-10,109638.0
2016-11-11,109632.0
2016-11-14,109661.0
2016-11-15,109769.0
2016-11-16,109767.0
2016-11-17,109824.0
2016-11-18,109836.0
2016-11-21,109914.0
2016-11-22,109945.0
2016-11-23,109843.0
2016-11-25,109808.0
2016-11-28,109961.0
2016-11-29,109935.0
2016-11-30,109965.0
2016-12-01,109945.0
2016-12-02,109952.0
2016-12-05,109915.0
2016-12-06,110074.0
2016-12-07,110005.0
2016-12-08,110019.0
2016-12-09,110163.0
2016-12-12,110201.0
2016-12-13,110045.0
2016-12-14,110116.0
2016-12-15,110200.0
2016-12-16,110048.0
2016-12-19,110008.0
2016-12-20,110062.0
2016-12-21,110031.0
2016-12-22,110014.0
2016-12-23,110266.0
2016-12-27,110297.0
2016-12-28,110163.0
2016-12-29,110153.0
2016-12-30,110060.0
2017-01-03,110179.0
2017-01-04,110263.0
2017-01-05,110234.0
2017-01-06,110290.0
2017-01-09,110224.0
2017-01-10,110239.0
2017-01-11,110292.0
2017-01-12,110262.0
2017-01-13,110315.0
2017-01-17,110232.0
2017-01-18,110316.0
2017-01-19,110266.0
2017-01-20,110291.0
2017-01-23,110230.0
2017-01-24,110247.0
2017-01-25,110310.0
2017-01-26,110416.0
2017-01-27,110474.0
2017-01-30,110360.0
2017-01-31,110350.0
2017-02-01,110334.0
2017-02-02,110356.0
2017-02-03,110448.0
2017-02-06,110395.0
2017-02-07,110400.0
2017-02-08,110402.0
2017-02-09,110507.0
2017-02-10,110585.0
2017-02-13,110646.0
2017-02-14,110671.0
2017-02-15,110665.0
2017-02-16,110739.0
2017-02-17,110672.0
2017-02-21,109566.0
2017-02-22,109557.0
2017-02-23,109565.0
2017-02-24,109602.0
2017-02-27,109639.0
2017-02-28,109629.0
2017-03-01,109809.0
2017-03-02,109798.0
2017-03-03,109820.0
2017-03-06,109783.0
2017-03-07,109713.0
2017-03-08,109684.0
2017-03-09,109723.0
2017-03-10,109703.0
2017-03-13,109776.0
2017-03-14,109693.0
2017-03-15,109779.0
2017-03-16,109801.0
2017-03-17,109783.0
2017-03-20,109745.0
2017-03-21,109486.0
2017-03-22,109516.0
2017-03-23,109480.0
2017-03-24,109434.0
2017-03-27,109478.0
2017-03-28,109557.0
2017-03-29,109583.0
2017-03-30,109631.0
2017-03-31,109572.0
2017-04-03,109531.0
2017-04-04,109544.0
2017-04-05,109450.0
2017-04-06,109505.0
2017-04-07,109515.0
2017-04-10,109515.0
2017-04-11,109453.0
2017-04-12,109433.0
2017-04-13,109326.0
2017-04-17,109419.0
2017-04-18,109391.0
2017-04-19,109369.0
2017-04-20,109470.0
2017-04-21,109378.0
2017-04-24,109613.0
2017-04-25,109717.0
2017-04-26,109730.0
2017-04-27,109763.0
2017-04-28,109732.0
2017-05-01,109758.0
2017-05-02,109756.0
2017-05-03,109757.0
2017-05-04,109757.0
2017-05-05,109793.0
2017-05-08,109856.0
2017-05-09,109837.0
2017-05-10,109873.0
2017-05-11,109848.0
2017-05-12,109815.0
2017-05-15,109903.0
2017-05-16,109907.0
2017-05-17,109628.0
2017-05-18,109687.0
2017-05-19,109774.0
2017-05-22,109845.0
2017-05-23,109882.0
2017-05-24,109840.0
2017-05-25,109514.0
2017-05-26,109522.0
2017-05-30,109547.0
2017-05-31,109518.0
2017-06-01,109645.0
2017-06-02,109691.0
2017-06-05,109692.0
2017-06-06,109662.0
2017-06-07,109674.0
2017-06-08,109663.0
2017-06-09,109619.0
2017-06-12,109653.0
2017-06-13,109746.0
2017-06-14,109721.0
2017-06-15,109699.0
2017-06-16,109700.0
2017-06-19,109827.0
2017-06-20,109721.0
2017-06-21,109721.0
2017-06-22,109699.0
2017-06-23,109717.0
2017-06-26,109731.0
2017-06-27,109614.0
2017-06-28,109745.0
2017-06-29,109745.0
2017-06-30,109617.0
2017-07-03,109459.0
2017-07-05,109697.0
2017-07-06,109532.0
2017-07-07,109622.0
2017-07-10,109634.0
2017-07-11,109614.0
2017-07-12,109742.0
2017-07-13,109759.0
2017-07-14,109803.0
2017-07-17,109798.0
2017-07-18,109802.0
2017-07-19,109740.0
2017-07-20,108992.0
2017-07-21,108948.0
2017-07-24,108988.0
2017-07-25,108988.0
2017-07-26,108966.0
2017-07-27,108921.0
2017-07-28,108901.0
2017-07-31,108948.0
2017-08-01,108894.0
2017-08-02,108941.0
2017-08-03,108917.0
2017-08-04,108936.0
2017-08-07,108967.0
2017-08-08,108947.0
2017-08-09,108969.0
2017-08-10,108741.0
2017-08-11,108751.0
2017-08-14,108848.0
2017-08-15,108878.0
2017-08-16,108913.0
2017-08-17,108645.0
2017-08-18,108643.0
2017-08-21,108640.0
2017-08-22,108790.0
2017-08-23,108767.0
2017-08-24,108746.0
2017-08-25,108764.0
2017-08-28,108766.0
2017-08-29,108789.0
2017-08-30,108875.0
2017-08-31,108953.0
2017-09-01,108988.0
2017-09-05,108904.0
2017-09-06,108985.0
2017-09-07,108967.0
2017-09-08,108964.0
2017-09-11,109107.0
2017-09-12,109104.0
2017-09-13,109009.0
2017-09-14,108695.0
2017-09-15,108736.0
2017-09-18,108772.0
2017-09-19,108784.0
2017-09-20,108802.0
2017-09-21,108782.0
2017-09-22,108791.0
2017-09-25,108780.0
2017-09-26,108803.0
2017-09-27,108914.0
2017-09-28,108843.0
2017-09-29,108928.0
2017-10-02,108972.0
2017-10-03,108959.0
2017-10-04,108965.0
2017-10-05,108965.0
2017-10-06,109308.0
2017-10-09,109295.0
2017-10-10,109334.0
2017-10-11,109393.0
2017-10-12,109369.0
2017-10-13,109370.0
2017-10-16,109432.0
2017-10-17,109432.0
2017-10-18,109469.0
2017-10-19,109462.0
2017-10-20,109555.0
2017-10-23,109491.0
2017-10-24,109521.0
2017-10-25,109473.0
2017-10-26,109495.0
2017-10-27,109584.0
2017-10-30,109544.0
2017-10-31,109553.0
2017-11-01,109636.0
2017-11-02,109653.0
2017-11-03,109706.0
2017-11-06,109742.0
2017-11-07,109709.0
2017-11-08,109816.0
2017-11-09,109729.0
2017-11-10,109734.0
2017-11-13,109776.0
2017-11-14,109575.0
2017-11-15,109459.0
2017-11-16,109610.0
2017-11-17,109582.0
2017-11-20,109587.0
2017-11-21,109660.0
2017-11-22,109694.0
2017-11-24,109101.0
2017-11-27,109152.0
2017-11-28,109145.0
2017-11-29,109242.0
2017-11-30,109109.0
2017-12-01,109169.0
2017-12-04,109157.0
2017-12-05,109119.0
2017-12-06,109178.0
2017-12-07,109199.0
2017-12-08,109255.0
2017-12-11,109351.0
2017-12-12,109321.0
2017-12-13,109253.0
2017-12-14,108597.0
2017-12-15,108814.0
2017-12-18,108933.0
2017-12-19,108867.0
2017-12-20,108917.0
2017-12-21,109528.0
2017-12-22,109537.0
2017-12-26,109536.0
2017-12-27,109537.0
2017-12-28,109563.0
2017-12-29,109428.0
2018-01-02,109584.0
2018-01-03,109741.0
2018-01-04,109792.0
2018-01-05,109865.0
2018-01-08,109877.0
2018-01-09,109891.0
2018-01-10,109749.0
2018-01-11,108669.0
2018-01-12,108737.0
2018-01-16,108790.0
2018-01-17,108600.0
2018-01-18,108189.0
2018-01-19,108598.0
2018-01-22,108826.0
2018-01-23,108838.0
2018-01-24,108902.0
2018-01-25,108091.0
2018-01-26,108274.0
2018-01-29,108210.0
2018-01-30,108022.0
2018-01-31,108062.0
2018-02-01,107992.0
2018-02-02,107487.0
2018-02-05,106510.0
2018-02-06,107059.0
2018-02-07,106922.0
2018-02-08,106347.0
2018-02-09,106516.0
2018-02-12,106725.0
2018-02-13,106783.0
2018-02-14,107098.0
2018-02-15,107275.0
2018-02-16,107331.0
2018-02-20,107323.0
2018-02-21,107207.0
2018-02-22,107230.0
2018-02-23,107487.0
2018-02-26,107558.0
2018-02-27,107521.0
2018-02-28,107424.0
2018-03-01,107074.0
2018-03-02,107176.0
2018-03-05,107419.0
2018-03-06,107448.0
2018-03-07,107515.0
2018-03-08,107596.0
2018-03-09,107749.0
2018-03-12,107829.0
2018-03-13,107807.0
2018-03-14,107774.0
2018-03-15,107725.0
2018-03-16,107805.0
2018-03-19,107411.0
2018-03-20,107479.0
2018-03-21,107505.0
2018-03-22,106855.0
2018-03-23,106481.0
2018-03-26,107025.0
2018-03-27,106657.0
2018-03-28,106691.0
2018-03-29,106748.0
2018-04-02,106453.0
2018-04-03,106687.0
2018-04-04,106956.0
2018-04-05,107052.0
2018-04-06,106614.0
2018-04-09,106737.0
2018-04-10,106999.0
2018-04-11,107004.0
2018-04-12,107168.0
2018-04-13,107054.0
2018-04-16,107293.0
2018-04-17,107457.0
2018-04-18,107488.0
2018-04-19,107319.0
2018-04-20,107183.0
2018-04-23,107174.0
2018-04-24,106894.0
2018-04-25,107072.0
2018-04-26,107176.0
2018-04-27,107150.0
2018-04-30,107029.0
2018-05-01,107059.0
2018-05-02,106941.0
2018-05-03,106863.0
2018-05-04,107139.0
2018-05-07,107128.0
2018-05-08,107144.0
2018-05-09,107389.0
2018-05-10,107476.0
2018-05-11,107540.0
2018-05-14,107571.0
2018-05-15,107502.0
2018-05-16,107667.0
2018-05-17,107627.0
2018-05-18,107579.0
2018-05-21,107753.0
2018-05-22,107631.0
2018-05-23,107770.0
2018-05-24,107744.0
2018-05-25,107643.0
2018-05-29,107420.0
2018-05-30,107636.0
2018-05-31,107569.0
2018-06-01,107731.0
2018-06-04,107645.0
2018-06-05,107960.0
2018-06-06,108099.0
2018-06-07,108117.0
2018-06-08,108146.0
2018-06-11,108186.0
2018-06-12,107705.0
2018-06-13,107656.0
2018-06-14,107747.0
2018-06-15,107700.0
2018-06-18,107735.0
2018-06-19,107639.0
2018-06-20,107674.0
2018-06-21,107490.0
2018-06-22,107569.0
2018-06-25,107158.0
2018-06-26,107304.0
2018-06-27,107072.0
2018-06-28,107175.0
2018-06-29,107198.0
2018-07-02,107322.0
2018-07-03,107172.0
2018-07-05,107355.0
2018-07-06,107459.0
2018-07-09,107238.0
2018-07-10,107754.0
2018-07-11,107540.0
2018-07-12,107727.0
2018-07-13,107771.0
2018-07-16,107681.0
2018-07-17,107902.0
2018-07-18,107856.0
2018-07-19,107844.0
2018-07-20,107800.0
2018-07-23,107899.0
2018-07-24,107958.0
2018-07-25,107971.0
2018-07-26,107902.0
2018-07-27,107903.0
2018-07-30,107902.0
2018-07-31,107952.0
2018-08-01,107835.0
2018-08-02,108058.0
2018-08-03,108089.0
2018-08-06,107927.0
2018-08-07,107236.0
2018-08-08,107252.0
2018-08-09,107212.0
2018-08-10,107054.0
2018-08-13,107007.0
2018-08-14,107103.0
2018-08-15,106957.0
2018-08-16,107137.0
2018-08-17,107199.0
2018-08-20,107277.0
2018-08-21,107279.0
2018-08-22,107272.0
2018-08-23,107257.0
2018-08-24,107392.0
2018-08-27,107462.0
2018-08-28,107084.0
2018-08-29,107063.0
2018-08-30,107118.0
2018-08-31,107122.0
2018-09-04,107104.0
2018-09-05,106934.0
2018-09-06,106965.0
2018-09-07,106948.0
2018-09-10,107014.0
2018-09-11,107096.0
2018-09-12,107077.0
2018-09-13,107223.0
2018-09-14,107238.0
2018-09-17,106978.0
2018-09-18,107256.0
2018-09-19,107296.0
2018-09-20,107490.0
2018-09-21,107486.0
2018-09-24,107427.0
2018-09-25,107552.0
2018-09-26,107436.0
2018-09-27,107531.0
2018-09-28,107517.0
2018-10-01,107567.0
2018-10-02,107717.0
2018-10-03,107601.0
2018-10-04,107563.0
2018-10-05,107316.0
2018-10-08,107325.0
2018-10-09,107270.0
2018-10-10,106230.0
2018-10-11,106173.0
2018-10-12,106283.0
2018-10-15,106251.0
2018-10-16,106501.0
2018-10-17,106485.0
2018-10-18,106369.0
2018-10-19,106111.0
2018-10-22,106065.0
2018-10-23,106187.0
2018-10-24,105661.0
2018-10-25,105813.0
2018-10-26,105614.0
2018-10-29,105482.0
2018-10-30,105681.0
2018-10-31,105820.0
2018-11-01,105917.0
2018-11-02,105953.0
2018-11-05,105964.0
2018-11-07,105964.0
2018-11-08,107117.0
2018-11-09,106865.0
2018-11-12,106409.0
2018-11-13,106443.0
2018-11-14,106258.0
2018-11-15,106427.0
2018-11-16,106234.0
2018-11-19,105902.0
2018-11-20,105507.0
2018-11-21,105848.0
2018-11-23,105684.0
2018-11-26,106036.0
2018-11-27,106161.0
2018-11-28,105907.0
2018-11-29,106230.0
2018-11-30,106267.0
2018-12-03,106578.0
2018-12-04,105817.0
2018-12-06,105817.0
2018-12-07,104876.0
2018-12-10,104973.0
2018-12-11,104984.0
2018-12-12,105027.0
2018-12-13,104914.0
2018-12-14,104629.0
2018-12-17,104265.0
2018-12-18,104069.0
2018-12-19,103863.0
2018-12-20,103759.0
2018-12-21,103111.0
2018-12-24,102684.0
2018-12-26,103167.0
2018-12-27,104355.0
2018-12-28,104387.0
2018-12-31,103825.0
2019-01-02,103470.0
2019-01-03,102921.0
2019-01-04,103621.0
2019-01-07,103868.0
2019-01-08,103992.0
2019-01-09,104204.0
2019-01-10,104166.0
2019-01-11,104195.0
2019-01-14,104155.0
2019-01-15,104305.0
2019-01-16,104353.0
2019-01-17,104487.0
2019-01-18,104556.0
2019-01-22,104670.0
2019-01-23,103542.0
2019-01-24,103533.0
2019-01-25,103756.0
2019-01-28,103643.0
2019-01-29,103584.0
2019-01-30,103838.0
2019-01-31,103912.0
2019-02-01,103958.0
2019-02-04,103704.0
2019-02-05,102817.0
2019-02-06,102830.0
2019-02-07,102562.0
2019-02-08,102626.0
2019-02-11,102692.0
2019-02-12,102867.0
2019-02-13,102917.0
2019-02-14,102891.0
2019-02-15,103005.0
2019-02-19,102730.0
2019-02-20,102288.0
2019-02-21,102243.0
2019-02-22,102316.0
2019-02-25,102432.0
2019-02-26,102518.0
2019-02-27,102564.0
2019-02-28,102347.0
2019-03-01,102608.0
2019-03-04,102548.0
2019-03-05,102541.0
2019-03-06,102331.0
2019-03-07,102186.0
2019-03-08,102120.0
2019-03-11,102490.0
2019-03-12,102479.0
2019-03-13,102563.0
2019-03-14,102458.0
2019-03-15,102690.0
2019-03-18,102732.0
2019-03-19,102478.0
2019-03-20,102415.0
2019-03-21,102557.0
2019-03-22,102233.0
2019-03-25,102270.0
2019-03-26,102323.0
2019-03-27,102317.0
2019-03-28,102440.0
2019-03-29,102562.0
2019-04-01,102556.0
2019-04-02,102563.0
2019-04-03,102643.0
2019-04-04,102686.0
2019-04-05,102691.0
2019-04-08,102782.0
2019-04-09,102708.0
2019-04-10,102707.0
2019-04-11,102707.0
2019-04-12,102877.0
2019-04-15,102890.0
2019-04-16,102888.0
2019-04-17,102826.0
2019-04-18,102873.0
2019-04-19,102873.0
2019-04-22,102918.0
2019-04-23,103038.0
2019-04-24,103009.0
2019-04-25,103118.0
2019-04-26,103123.0
2019-04-29,103219.0
2019-04-30,103247.0
2019-05-01,103018.0
2019-05-02,102983.0
2019-05-03,103252.0
2019-05-06,103147.0
2019-05-07,102801.0
2019-05-08,102740.0
2019-05-09,102584.0
2019-05-10,102672.0
2019-05-13,102175.0
2019-05-14,102202.0
2019-05-15,102338.0
2019-05-16,102429.0
2019-05-17,102383.0
2019-05-20,102392.0
2019-05-21,102533.0
2019-05-22,102459.0
2019-05-23,102158.0
2019-05-24,102290.0
2019-05-28,102090.0
2019-05-29,101731.0
2019-05-30,101947.0
2019-05-31,101597.0
2019-06-03,101597.0
2019-06-04,101866.0
2019-06-05,101972.0
2019-06-06,102071.0
2019-06-07,102138.0
2019-06-10,102237.0
2019-06-11,102268.0
2019-06-12,102250.0
2019-06-13,102231.0
2019-06-14,102239.0
2019-06-17,102292.0
2019-06-18,102332.0
2019-06-19,102323.0
2019-06-20,102282.0
2019-06-21,102363.0
2019-06-24,102370.0
2019-06-25,102383.0
2019-06-26,102424.0
2019-06-27,102441.0
2019-06-28,102402.0
2019-07-01,101507.0
2019-07-02,100023.0
2019-07-03,100139.0
2019-07-05,100124.0
2019-07-08,100111.0
2019-07-09,100114.0
2019-07-10,100192.0
2019-07-11,100249.0
2019-07-12,100337.0
2019-07-15,100352.0
2019-07-16,100332.0
2019-07-17,100197.0
2019-07-18,100230.0
2019-07-19,100138.0
2019-07-22,100180.0
2019-07-23,100324.0
2019-07-24,100413.0
2019-07-25,100339.0
2019-07-26,100487.0
2019-07-29,100487.0
2019-07-30,100416.0
2019-08-01,105630.0
2019-08-02,105505.0
2019-08-05,104779.0
2019-08-06,105080.0
2019-08-07,105093.0
2019-08-08,105464.0
2019-08-09,105356.0
2019-08-12,105104.0
2019-08-13,105449.0
2019-08-14,104814.0
2019-08-15,104882.0
2019-08-16,105183.0
2019-08-19,105430.0
2019-08-20,105255.0
2019-08-21,105464.0
2019-08-22,105465.0
2019-08-23,104976.0
2019-08-26,105084.0
2019-08-27,105092.0
2019-08-28,105259.0
2019-08-29,105516.0
2019-08-30,105521.0
2019-09-02,105507.0
2019-09-04,105507.0
2019-09-05,105702.0
2019-09-06,105731.0
2019-09-09,105759.0
2019-09-10,105768.0
2019-09-11,105943.0
2019-09-12,106030.0
2019-09-13,106044.0
2019-09-16,105981.0
2019-09-17,105429.0
2019-09-18,105463.0
2019-09-19,105481.0
2019-09-20,105433.0
2019-09-23,105464.0
2019-09-24,105257.0
2019-09-25,105239.0
2019-09-26,105362.0
2019-09-27,105241.0
2019-09-30,105381.0
2019-10-01,105060.0
2019-10-02,104690.0
2019-10-03,104781.0
2019-10-04,104990.0
2019-10-07,104945.0
2019-10-08,104695.0
2019-10-09,104848.0
2019-10-10,104971.0
2019-10-11,105023.0
2019-10-14,105133.0
2019-10-15,105271.0
2019-10-16,105274.0
2019-10-17,105297.0
2019-10-18,105295.0
2019-10-21,105398.0
2019-10-22,105360.0
2019-10-23,105419.0
2019-10-24,105469.0
2019-10-25,105472.0
2019-10-28,105504.0
2019-10-29,105526.0
2019-10-30,105515.0
2019-10-31,105505.0
2019-11-01,105072.0
2019-11-04,105781.0
2019-11-05,105785.0
2019-11-06,105808.0
2019-11-07,105894.0
2019-11-08,105949.0
2019-11-11,105975.0
2019-11-12,105973.0
2019-11-13,105954.0
2019-11-14,105979.0
2019-11-15,106112.0
2019-11-18,106129.0
2019-11-19,106109.0
2019-11-20,106048.0
2019-11-21,106037.0
2019-11-22,106088.0
2019-11-25,106204.0
2019-11-26,106268.0
2019-11-27,106346.0
2019-11-28,106343.0
2019-11-29,106283.0
2019-12-02,106091.0
2019-12-03,105957.0
2019-12-04,106085.0
2019-12-05,106131.0
2019-12-06,106309.0
2019-12-09,106252.0
2019-12-10,106271.0
2019-12-11,106311.0
2019-12-12,106390.0
2019-12-13,106492.0
2019-12-16,106616.0
2019-12-17,106620.0
2019-12-18,106624.0
2019-12-19,106645.0
2019-12-20,106722.0
2019-12-23,106729.0
2019-12-24,106729.0
2019-12-25,106729.0
2019-12-26,106765.0
2019-12-27,106744.0
2019-12-30,106707.0
2019-12-31,106763.0
2020-01-01,106749.0
2020-01-02,106817.0
2020-01-03,106755.0
2020-01-06,106799.0
2020-01-07,106784.0
2020-01-08,106813.0
2020-01-09,106817.0
2020-01-10,106837.0
2020-01-13,106829.0
2020-01-14,106826.0
2020-01-15,106827.0
2020-01-16,106795.0
2020-01-17,105747.0
2020-01-20,104196.0
2020-01-21,104173.0
2020-01-22,104184.0
2020-01-23,104208.0
2020-01-24,104000.0
2020-01-27,103562.0
2020-01-28,103838.0
2020-01-29,103778.0
2020-01-30,103723.0
2020-01-31,103286.0
2020-02-03,103581.0
2020-02-04,103806.0
2020-02-05,103926.0
2020-02-06,104024.0
2020-02-07,103951.0
2020-02-10,104049.0
2020-02-11,104064.0
2020-02-12,104152.0
2020-02-13,104156.0
2020-02-14,104162.0
2020-02-17,104160.0
2020-02-18,104206.0
2020-02-19,104228.0
2020-02-20,104240.0
2020-02-21,104098.0
2020-02-24,103400.0
2020-02-25,102768.0
2020-02-26,102585.0
2020-02-27,101595.0
2020-02-28,101547.0
2020-03-02,102524.0
2020-03-03,101916.0
2020-03-04,102524.0
2020-03-05,102061.0
2020-03-06,101954.0
2020-03-09,101033.0
2020-03-10,101654.0
2020-03-11,100977.0
2020-03-12,100162.0
2020-03-13,100671.0
2020-03-16,99912.0
2020-03-17,100165.0
2020-03-18,100267.0
2020-03-19,100166.0
2020-03-20,99457.0
2020-03-23,98917.0
2020-03-24,99472.0
2020-03-25,99710.0
2020-03-26,100169.0
2020-03-27,100119.0
2020-03-30,100539.0
2020-03-31,100370.0
2020-04-01,100193.0
2020-04-02,100131.0
2020-04-03,100094.0
2020-04-06,100397.0
2020-04-07,100307.0
2020-04-08,100343.0
2020-04-09,100340.0
2020-04-10,100286.0
2020-04-13,100414.0
2020-04-14,100357.0
2020-04-15,100580.0
2020-04-16,100614.0
2020-04-17,100633.0
2020-04-20,100752.0
2020-04-21,100932.0
2020-04-22,101022.0
2020-04-23,101105.0
2020-04-24,101098.0
2020-04-27,101045.0
2020-04-28,100927.0
2020-04-29,100751.0
2020-04-30,100946.0
2020-05-04,101306.0
2020-05-01,100775.0
2020-05-05,106437.0
2020-05-06,106333.0
2020-05-07,106639.0
2020-05-08,106806.0
2020-05-11,106740.0
2020-05-12,106359.0
2020-05-13,106159.0
2020-05-14,106527.0
2020-05-15,106544.0
2020-05-18,107009.0
2020-05-19,106822.0
2020-05-20,107223.0
2020-05-21,107083.0
2020-05-22,107167.0
2020-05-25,107161.0
2020-05-26,107365.0
2020-05-27,107531.0
2020-05-28,107722.0
2020-05-29,107790.0
2020-06-01,107804.0
2020-06-02,105466.0
2020-06-03,105689.0
2020-06-04,105656.0
2020-06-05,105983.0
2020-06-08,105886.0
2020-06-09,106056.0
2020-06-10,105940.0
2020-06-11,104994.0
2020-06-12,105167.0
2020-06-15,105427.0
2020-06-16,105699.0
2020-06-17,105804.0
2020-06-18,105749.0
2020-06-19,105580.0
2020-06-23,106029.0
2020-06-24,105488.0
2020-06-25,105788.0
2020-06-26,105256.0
2020-06-29,105410.0
2020-06-30,105660.0
2020-07-01,106023.0
2020-07-02,106056.0
2020-07-03,106090.0
2020-07-06,106412.0
2020-07-07,106087.0
2020-07-08,106399.0
2020-07-09,106239.0
2020-07-10,106483.0
2020-07-13,106327.0
2020-07-14,106585.0
2020-07-15,106738.0
2020-07-16,106679.0
2020-07-17,106784.0
2020-07-20,106934.0
2020-07-21,106988.0
2020-07-22,107087.0
2020-07-23,106858.0
2020-07-24,106829.0
2020-07-27,107016.0
2020-07-28,106868.0
2020-07-29,107177.0
2020-07-30,107118.0
2020-07-31,107349.0
2020-08-03,107683.0
2020-08-04,107649.0
2020-08-05,107806.0
2020-08-06,107972.0
2020-08-07,108000.0
2020-08-10,108078.0
2020-08-11,107891.0
2020-08-12,108211.0
2020-08-13,108182.0
2020-08-14,108232.0
2020-08-17,108313.0
2020-08-18,108362.0
2020-08-19,108314.0
2020-08-20,108387.0
2020-08-21,108510.0
2020-08-24,108683.0
2020-08-25,108748.0
2020-08-26,108824.0
2020-08-27,108889.0
2020-08-28,108950.0
2020-08-31,108975.0
2020-09-01,109021.0
2020-09-02,107755.0
2020-09-03,105001.0
2020-09-04,104628.0
2020-09-07,104567.0
2020-09-08,103837.0
2020-09-09,104328.0
2020-09-10,103854.0
2020-09-11,103770.0
2020-09-14,104219.0
2020-09-15,104563.0
2020-09-16,104453.0
2020-09-17,104254.0
2020-09-18,103955.0
2020-09-21,103655.0
2020-09-22,103905.0
2020-09-23,103326.0
2020-09-24,103368.0
2020-09-25,103764.0
2020-09-28,104179.0
2020-09-29,104057.0
2020-09-30,104111.0
2020-10-01,104412.0
2020-10-02,104412.0
2020-10-05,104010.0
2020-10-06,103749.0
2020-10-07,104113.0
2020-10-08,104300.0
2020-10-09,104509.0
2020-10-12,104756.0
2020-10-13,104643.0
2020-10-14,104543.0
2020-10-15,104560.0
2020-10-16,104550.0
2020-10-19,104330.0
2020-10-20,104574.0
2020-10-21,104597.0
2020-10-22,104482.0
2020-10-23,104521.0
2020-10-26,104112.0
2020-10-27,104028.0
2020-10-28,103112.0
2020-10-29,103413.0
2020-10-30,103114.0
2020-11-02,103516.0
2020-11-03,103751.0
2020-11-04,104214.0
2020-11-05,104648.0
2020-11-06,104688.0
2020-11-09,104881.0
2020-11-10,104850.0
2020-11-11,105094.0
2020-11-12,104980.0
2020-11-13,105159.0
2020-11-16,105322.0
2020-11-17,105325.0
2020-11-18,105327.0
2020-11-19,105288.0
2020-11-20,105213.0
2020-11-23,105511.0
2020-11-24,105446.0
2020-11-25,105488.0
2020-11-27,105441.0
2020-11-30,105485.0
2020-12-01,105499.0
2020-12-02,104531.0
2020-12-03,101897.0
2020-12-04,102131.0
2020-12-07,102136.0
2020-12-08,102247.0
2020-12-09,101988.0
2020-12-10,101984.0
2020-12-11,102092.0
2020-12-14,101927.0
2020-12-15,102283.0
2020-12-16,102359.0
2020-12-17,102469.0
2020-12-18,102397.0
2020-12-21,102266.0
2020-12-22,102265.0
2020-12-23,102246.0
2020-12-24,102288.0
2020-12-25,102288.0
2020-12-28,102636.0
2020-12-29,102653.0
2020-12-30,102770.0
2020-12-31,102789.0
2021-01-01,102781.0
2021-01-04,102472.0
2021-01-05,102642.0
2021-01-06,102734.0
2021-01-07,103105.0
2021-01-08,103260.0
2021-01-11,103196.0
2021-01-12,103181.0
2021-01-13,103291.0
2021-01-14,103202.0
2021-01-15,102985.0
2021-01-18,102955.0
2021-01-19,103274.0
2021-01-20,103634.0
2021-01-21,103681.0
2021-01-22,103669.0
2021-01-25,103796.0
2021-01-26,103832.0
2021-01-27,102966.0
2021-01-28,103434.0
2021-01-29,102841.0
2021-02-01,103419.0
2021-02-02,103713.0
2021-02-03,103759.0
2021-02-04,103926.0
2021-02-05,104061.0
2021-02-08,104215.0
2021-02-09,104247.0
2021-02-10,104229.0
2021-02-11,104265.0
2021-02-12,104366.0
2021-02-15,104393.0
2021-02-16,104457.0
2021-02-17,104480.0
2021-02-18,104421.0
2021-02-19,104397.0
2021-02-22,104269.0
2021-02-23,104241.0
2021-02-24,104540.0
2021-02-25,103996.0
2021-02-26,103639.0
2021-03-01,104525.0
2021-03-02,104193.0
2021-03-03,103776.0
2021-03-04,103454.0
2021-03-05,103892.0
2021-03-08,103780.0
2021-03-09,104184.0
2021-03-10,104415.0
2021-03-11,104655.0
2021-03-12,104751.0
2021-03-15,104945.0
2021-03-16,104920.0
2021-03-17,104961.0
2021-03-18,104595.0
2021-03-19,104495.0
2021-03-22,104736.0
2021-03-23,104451.0
2021-03-24,104310.0
2021-03-25,104438.0
2021-03-26,104867.0
2021-03-29,104898.0
2021-03-30,104761.0
2021-04-01,105400.0
2021-04-02,105139.0
2021-04-05,105638.0
2021-04-06,105652.0
2021-04-07,105719.0
2021-04-08,105826.0
2021-04-09,105956.0
2021-04-12,105996.0
2021-04-13,106070.0
2021-04-14,106011.0
2021-04-15,106201.0
2021-04-16,106247.0
2021-04-19,106208.0
2021-04-20,106071.0
2021-04-21,106258.0
2021-04-22,106117.0
2021-04-23,106360.0
2021-04-26,106439.0
2021-04-27,106437.0
2021-04-28,106380.0
2021-04-29,106511.0
2021-04-30,106450.0
2021-05-03,106382.0
2021-05-04,101997.0
2021-05-05,101945.0
2021-05-06,102235.0
2021-05-07,102391.0
2021-05-10,102130.0
2021-05-11,101864.0
2021-05-12,101251.0
2021-05-13,101625.0
2021-05-14,102101.0
2021-05-17,102037.0
2021-05-18,101782.0
2021-05-19,101692.0
2021-05-20,102014.0
2021-05-21,102002.0
2021-05-24,102278.0
2021-05-25,102212.0
2021-05-26,102227.0
2021-05-27,102280.0
2021-05-28,102346.0
2021-06-01,102271.0
2021-06-02,102306.0
2021-06-03,102318.0
2021-06-04,102493.0
2021-06-07,102475.0
2021-06-08,102536.0
2021-06-09,102502.0
2021-06-10,102594.0
2021-06-11,102637.0
2021-06-14,102723.0
2021-06-15,102574.0
2021-06-16,102394.0
2021-06-17,102350.0
2021-06-18,101923.0
2021-06-21,102438.0
2021-06-22,102527.0
2021-06-23,102506.0
2021-06-24,102723.0
2021-06-25,102803.0
2021-06-28,102863.0
2021-06-29,102855.0
2021-06-30,102905.0
2021-07-01,103105.0
2021-07-02,103428.0
2021-07-05,103353.0
2021-07-06,103271.0
2021-07-07,103451.0
2021-07-08,103233.0
2021-07-09,103552.0
2021-07-12,103685.0
2021-07-13,103443.0
2021-07-14,103662.0
2021-07-15,103539.0
2021-07-16,103311.0
2021-07-19,102639.0
2021-07-20,103265.0
2021-07-21,103561.0
2021-07-22,103663.0
2021-07-23,103978.0
2021-07-26,104078.0
2021-07-27,103902.0
2021-07-28,103916.0
2021-07-29,103884.0
2021-07-30,103926.0
2021-08-02,103928.0
2021-08-03,104044.0
2021-08-04,103934.0
2021-08-05,103937.0
2021-08-06,104155.0
2021-08-09,104346.0
2021-08-10,104230.0
2021-08-11,104152.0
2021-08-12,104412.0
2021-08-13,104469.0
2021-08-16,104588.0
2021-08-17,104349.0
2021-08-18,104083.0
2021-08-19,104136.0
2021-08-20,104390.0
2021-08-23,104705.0
2021-08-24,104760.0
2021-08-25,104983.0
2021-08-26,104685.0
2021-08-27,104950.0
2021-08-30,105061.0
2021-09-01,105233.0
2021-09-02,105242.0
2021-09-03,105266.0
2021-09-06,105268.0
2021-09-07,105189.0
2021-09-08,105154.0
2021-09-09,105016.0
2021-09-10,104780.0
2021-09-13,104678.0
2021-09-14,103658.0
2021-09-15,103904.0
2021-09-16,103857.0
2021-09-17,103410.0
2021-09-20,103011.0
2021-09-21,102963.0
2021-09-22,103262.0
2021-09-23,103661.0
2021-09-24,103713.0
2021-09-27,103614.0
2021-09-28,103014.0
2021-09-29,103065.0
2021-10-01,103141.0
2021-10-04,102622.0
2021-10-05,102903.0
2021-10-06,102989.0
2021-10-07,103301.0
2021-10-08,103255.0
2021-10-11,103045.0
2021-10-12,102913.0
2021-10-13,103056.0
2021-10-14,103539.0
2021-10-15,103829.0
2021-10-18,103958.0
2021-10-19,104221.0
2021-10-20,104099.0
2021-10-21,104140.0
2021-10-22,104198.0
2021-10-25,104238.0
2021-10-26,104227.0
2021-10-27,104303.0
2021-10-28,104316.0
2021-10-29,104296.0
2021-11-01,103526.0
2021-11-02,103509.0
2021-11-03,103707.0
2021-11-04,103803.0
2021-11-05,103876.0
2021-11-08,103935.0
2021-11-09,103836.0
2021-11-10,103684.0
2021-11-11,103754.0
2021-11-12,103952.0
2021-11-15,103983.0
2021-11-16,104139.0
2021-11-17,104095.0
2021-11-18,104201.0
2021-11-19,104247.0
2021-11-22,104331.0
2021-11-23,104236.0
2021-11-24,104340.0
2021-11-25,104337.0
2021-11-26,103296.0
2021-11-29,104006.0
2021-11-30,103510.0
2021-12-01,103173.0
2021-12-02,103436.0
2021-12-03,103332.0
2021-12-06,103692.0
2021-12-07,104035.0
2021-12-08,103582.0
2021-12-09,103297.0
2021-12-10,103642.0
2021-12-13,103364.0
2021-12-14,103116.0
2021-12-15,103759.0
2021-12-16,103440.0
2021-12-17,103104.0
2021-12-20,102657.0
2021-12-21,105308.0
2021-12-22,105708.0
2021-12-23,105810.0
2021-12-24,105817.0
2021-12-27,106064.0
2021-12-28,106084.0
2021-12-29,105844.0
2021-12-30,104008.0
2021-12-31,103882.0
